,CapitalLT,CapitalReturn,DeclaredDateDisplay,ExDivDateDisplay,Income,PayDateDisplay,Special,TICKER,TotDiv
0,,,7/3/2017,7/11/2017,0.065,8/1/2017,,NCV,0.065
0,,,7/3/2017,7/11/2017,0.0575,8/1/2017,,NCZ,0.0575
0,,,6/2/2017,6/8/2017,0.1748,6/23/2017,,NIE,0.38
0,,,3/16/2017,5/10/2017,0.02,5/26/2017,,ASA,0.02
0,,0.0175,6/9/2017,6/16/2017,0.0175,6/27/2017,,FAX,0.035
0,0.0416,0.0864,6/9/2017,6/16/2017,0.0304,6/27/2017,,IAF,0.16
0,,0.1134,9/9/2016,9/19/2016,0.0266,9/28/2016,,CH,0.14
0,,,7/12/2016,7/19/2016,0.1005,7/28/2016,,ABE,0.1005
0,,0.063,6/9/2017,6/16/2017,0.007,6/27/2017,,FCO,0.07
0,,,12/21/2016,12/28/2016,0.0509,1/11/2017,,GCH,0.0509
0,0.0304,,9/12/2016,9/19/2016,,9/28/2016,,IF,0.0304
0,0.5514,,12/21/2016,12/28/2016,,1/11/2017,,ISL,0.5514
0,0.2271,,12/21/2016,12/28/2016,0.089,1/11/2017,,JEQ,0.3161
0,,,12/21/2016,12/28/2016,0.3,1/11/2017,,LAQ,0.3
0,,,12/21/2016,12/28/2016,0.0226,1/11/2017,,SGF,0.0226
0,0.01,,4/21/2017,5/10/2017,0.04,6/1/2017,,ADX,0.05
0,0.04,,4/21/2017,5/10/2017,0.06,6/1/2017,,PEO,0.1
0,,0.017,7/3/2017,7/12/2017,0.018,7/31/2017,,AGC,0.047
0,,0.01652,7/3/2017,7/12/2017,0.06677,7/31/2017,,AVK,0.1132
0,,0.0067,5/1/2017,5/11/2017,0.0429,5/31/2017,,LCM,0.21
0,,,6/23/2017,7/5/2017,0.04724,7/21/2017,,AKP,0.04724
0,,,6/23/2017,7/5/2017,0.0699,7/21/2017,,AWF,0.0699
0,,,6/23/2017,7/5/2017,0.05205,7/21/2017,,AFB,0.05205
0,,,7/3/2017,7/11/2017,,8/1/2017,,ACV,0.167
0,,0.3,6/2/2017,6/8/2017,,6/23/2017,,NFJ,0.3
0,,0.0215,6/20/2017,7/20/2017,0.0435,7/31/2017,,AGD,0.065
0,,0.0366,6/20/2017,7/20/2017,0.0134,7/31/2017,,AWP,0.05
0,,0.0106,6/20/2017,7/20/2017,0.0469,7/31/2017,,AOD,0.0575
0,,,6/29/2017,7/17/2017,0.09,7/31/2017,,AFT,0.09
0,,,6/29/2017,7/17/2017,0.105,7/31/2017,,AIF,0.105
0,,,4/20/2017,4/25/2017,0.08673,4/28/2017,,ARDC,0.1025
0,,,12/13/2016,12/21/2016,0.22,1/6/2017,,APB,0.22
0,0.1555,,7/12/2016,7/19/2016,,7/28/2016,,GRR,0.1555
0,,,7/3/2017,7/11/2017,0.12,7/31/2017,,ACP,0.12
0,0.166,,5/18/2017,6/14/2017,0.054,6/23/2017,,BCV,0.25
0,,,4/24/2017,5/2/2017,0.3,5/12/2017,,MCI,0.3
0,,,6/12/2017,8/21/2017,0.1534,9/1/2017,,BGH,0.1534
0,,,4/24/2017,5/2/2017,0.27,5/12/2017,,MPV,0.27
0,,,7/3/2017,7/12/2017,0.05,7/31/2017,,BGIO,0.05
0,,,7/3/2017,7/12/2017,0.0253,8/1/2017,,BJZ,0.0253
0,,,7/3/2017,7/12/2017,0.0595,8/1/2017,,BFZ,0.0595
0,,,7/3/2017,7/12/2017,0.065,7/31/2017,,BHK,0.065
0,,,7/3/2017,7/12/2017,0.07,7/31/2017,,HYT,0.07
0,,,7/3/2017,7/12/2017,0.0705,7/31/2017,,BTZ,0.0705
0,,,7/3/2017,7/12/2017,0.0685,7/31/2017,,DSU,0.0685
0,,,7/3/2017,7/12/2017,1.12,7/31/2017,S,BHL,1.12
0,,0.04105,7/3/2017,7/12/2017,0.03655,7/31/2017,,BGR,0.0776
0,,0.06301,7/3/2017,7/12/2017,0.01979,7/31/2017,,CII,0.0828
0,0.02183,,7/3/2017,7/12/2017,0.02487,7/31/2017,,BDJ,0.0467
0,,,7/3/2017,7/12/2017,0.0187,7/31/2017,,BOE,0.078
0,,0.01249,7/3/2017,7/12/2017,0.02851,7/31/2017,,EGF,0.041
0,,0.02079,7/3/2017,7/12/2017,0.01721,7/31/2017,,BGY,0.038
0,,,4/3/2017,4/11/2017,0.031,5/1/2017,,BFO,0.031
0,,,7/3/2017,7/12/2017,0.061,7/31/2017,,FRA,0.061
0,,,7/3/2017,7/12/2017,0.0583,7/31/2017,,BGT,0.0583
0,,0.2,7/3/2017,7/12/2017,,7/31/2017,,BME,0.2
0,,,7/3/2017,7/12/2017,0.0265,7/31/2017,,BKT,0.0265
0,,,7/3/2017,7/12/2017,0.062,8/1/2017,,BKN,0.062
0,,,7/3/2017,7/12/2017,0.0795,7/31/2017,,BLW,0.0795
0,,,7/3/2017,7/12/2017,0.0545,8/1/2017,,BTA,0.0545
0,,,7/3/2017,7/12/2017,0.0474,8/1/2017,,BZM,0.0474
0,,,7/3/2017,7/12/2017,0.1167,7/31/2017,,BIT,0.1167
0,,,7/3/2017,7/12/2017,0.022,8/1/2017,,BPK,0.022
0,,,7/3/2017,7/12/2017,0.0685,8/1/2017,,BAF,0.0685
0,,,7/3/2017,7/12/2017,0.06,8/1/2017,,BYM,0.06
0,,,7/3/2017,7/12/2017,0.0495,8/1/2017,,MUI,0.0495
0,,,7/3/2017,7/12/2017,0.0445,8/1/2017,,MNE,0.0445
0,,,7/3/2017,7/12/2017,0.0718,8/1/2017,,BTT,0.0718
0,,,7/3/2017,7/12/2017,0.0575,8/1/2017,,MUA,0.0575
0,,,7/3/2017,7/12/2017,0.0565,8/1/2017,,MEN,0.0565
0,,,7/3/2017,7/12/2017,0.0615,8/1/2017,,MUC,0.0615
0,,,7/3/2017,7/12/2017,0.081,8/1/2017,,MHD,0.081
0,,,7/3/2017,7/12/2017,0.0745,8/1/2017,,MUH,0.0745
0,,,7/3/2017,7/12/2017,0.0715,8/1/2017,,MFL,0.0715
0,,,7/3/2017,7/12/2017,0.0675,8/1/2017,,MUJ,0.0675
0,,,7/3/2017,7/12/2017,0.058,8/1/2017,,MHN,0.058
0,,,7/3/2017,7/12/2017,0.064,8/1/2017,,MUE,0.064
0,,,7/3/2017,7/12/2017,0.0635,8/1/2017,,MUS,0.0635
0,,,7/3/2017,7/12/2017,0.046,8/1/2017,,MVF,0.046
0,,,7/3/2017,7/12/2017,0.073,8/1/2017,,MVT,0.073
0,,,7/3/2017,7/12/2017,0.072,8/1/2017,,MYD,0.072
0,,,7/3/2017,7/12/2017,0.062,8/1/2017,,MZA,0.062
0,,,7/3/2017,7/12/2017,0.062,8/1/2017,,MYC,0.062
0,,,7/3/2017,7/12/2017,0.065,8/1/2017,,MCA,0.065
0,,,7/3/2017,7/12/2017,0.078,8/1/2017,,MYF,0.078
0,,,7/3/2017,7/12/2017,0.064,8/1/2017,,MIY,0.064
0,,,7/3/2017,7/12/2017,0.075,8/1/2017,,MYJ,0.075
0,,,7/3/2017,7/12/2017,0.054,8/1/2017,,MYN,0.054
0,,,7/3/2017,7/12/2017,0.0623,8/1/2017,,MPA,0.0623
0,,,7/3/2017,7/12/2017,0.068,8/1/2017,,MYI,0.068
0,,,7/3/2017,7/12/2017,0.0725,8/1/2017,,MQY,0.0725
0,,,7/3/2017,7/12/2017,0.062,8/1/2017,,MQT,0.062
0,,,7/3/2017,7/12/2017,0.0395,8/1/2017,,BKK,0.0395
0,,,7/3/2017,7/12/2017,0.0635,8/1/2017,,BBK,0.0635
0,,,7/3/2017,7/12/2017,0.065,8/1/2017,,BFK,0.065
0,,,7/3/2017,7/12/2017,0.0735,8/1/2017,,BLE,0.0735
0,,,7/3/2017,7/12/2017,0.07237,8/1/2017,,BBF,0.07237
0,,,7/3/2017,7/12/2017,0.067,8/1/2017,,MFT,0.067
0,,,7/3/2017,7/12/2017,0.0615,8/1/2017,,BLJ,0.0615
0,,,7/3/2017,7/12/2017,0.0696,8/1/2017,,BNJ,0.0696
0,,,7/3/2017,7/12/2017,0.0166,8/1/2017,,BLH,0.0166
0,,,7/3/2017,7/12/2017,0.052,8/1/2017,,BSE,0.052
0,,,7/3/2017,7/12/2017,0.059,8/1/2017,,BQH,0.059
0,,,7/3/2017,7/12/2017,0.061,8/1/2017,,BFY,0.061
0,,,7/3/2017,7/12/2017,0.06,8/1/2017,,BNY,0.06
0,,0.03652,7/3/2017,7/12/2017,0.01508,7/31/2017,,BCX,0.0516
0,,0.11,7/3/2017,7/12/2017,,7/31/2017,,BST,0.11
0,,,7/3/2017,7/12/2017,0.065,8/1/2017,,BSD,0.065
0,,,7/3/2017,7/12/2017,0.1318,7/31/2017,,BBN,0.1318
0,,0.02849,7/3/2017,7/12/2017,0.09251,7/31/2017,,BUI,0.121
0,,,7/3/2017,7/12/2017,0.063,8/1/2017,,BHV,0.063
0,,,5/18/2017,6/21/2017,0.097,6/30/2017,,BSL,0.097
0,,,5/18/2017,6/21/2017,0.103,6/30/2017,,BGX,0.103
0,,,5/18/2017,6/21/2017,0.105,6/30/2017,,BGB,0.105
0,,,5/12/2017,5/19/2017,0.034,5/31/2017,,BIF,0.034
0,,0.0498,6/2/2017,6/13/2017,0.0319,6/22/2017,,INF,0.0817
0,,0.0575,6/2/2017,6/13/2017,0.1415,6/22/2017,,RA,0.199
0,,0.034,6/1/2017,6/20/2017,0.016,6/30/2017,,IGR,0.05
0,,0.0262,6/30/2017,7/7/2017,0.0738,7/14/2017,,CHY,0.1
0,,0.0234,6/30/2017,7/7/2017,0.0716,7/14/2017,,CHI,0.095
0,,0.0128,6/30/2017,7/7/2017,0.1542,7/14/2017,,CCD,0.167
0,,,6/30/2017,7/7/2017,0.07,7/14/2017,,CHW,0.07
0,,,6/30/2017,7/7/2017,0.1,7/14/2017,,CGO,0.1
0,,,6/30/2017,7/7/2017,0.0825,7/14/2017,,CSQ,0.0825
0,,0.1042,5/23/2017,6/14/2017,,6/28/2017,,CEN,0.1042
0,,,12/20/2016,12/28/2016,0.3214,1/27/2017,S,CEE,0.3214
0,,,8/18/2016,10/27/2016,0.01,11/14/2016,,CEF,0.01
0,0.13333,,5/24/2017,6/9/2017,0.04103,6/27/2017,,CET,0.2
0,,,12/9/2016,12/19/2016,0.4677,1/5/2017,,CHN,0.4677
0,,,5/11/2017,5/17/2017,0.2,6/1/2017,,CBA,0.2
0,,0.355,5/11/2017,5/17/2017,,6/1/2017,,CEM,0.355
0,,0.32,5/11/2017,5/17/2017,,6/1/2017,,EMO,0.32
0,,0.29,5/11/2017,5/17/2017,,6/1/2017,,CTR,0.29
0,,0.0891,5/8/2017,5/17/2017,0.0141,5/31/2017,,GLV,0.1032
0,,0.0989,5/8/2017,5/17/2017,,5/31/2017,,GLQ,0.0989
0,,0.086,5/8/2017,5/17/2017,,5/31/2017,,GLO,0.086
0,,0.0566,6/28/2017,7/18/2017,0.0304,7/31/2017,,FOF,0.087
0,,0.0431,6/28/2017,7/18/2017,0.0259,7/31/2017,,INB,0.069
0,,,6/28/2017,7/18/2017,0.134,7/31/2017,,UTF,0.134
0,0.011,,6/28/2017,7/18/2017,0.145,7/31/2017,,LDP,0.156
0,0.06942,,6/28/2017,7/18/2017,0.00758,7/31/2017,,MIE,0.077
0,0.08,,6/28/2017,7/18/2017,,7/31/2017,,RQI,0.08
0,,0.0434,6/28/2017,7/18/2017,0.0806,7/31/2017,,RNP,0.124
0,0.0045,,6/28/2017,7/18/2017,0.1675,7/31/2017,,PSF,0.172
0,0.0271,,6/28/2017,7/18/2017,0.0529,7/31/2017,,RFI,0.08
0,0.3199,,5/5/2017,5/11/2017,,5/23/2017,,STK,0.4625
0,0.016,0.1396,5/12/2017,7/12/2017,0.0313,7/31/2017,,CLM,0.2326
0,0.0424,0.1307,5/12/2017,7/12/2017,0.0278,7/31/2017,,CRF,0.2289
0,,0.00073,6/23/2017,7/10/2017,0.02127,7/18/2017,,CIK,0.022
0,,0.00163,7/3/2017,7/17/2017,0.02037,7/25/2017,,DHY,0.022
0,,0.04,7/3/2017,7/14/2017,,7/31/2017,,SRF,0.04
0,,0.0903,7/3/2017,7/14/2017,,7/31/2017,,SRV,0.0903
0,,,7/3/2017,7/14/2017,0.1367,7/31/2017,,SZC,0.1367
0,0.013,0.034,6/15/2017,7/27/2017,0.018,8/10/2017,,DNP,0.065
0,,,6/15/2017,7/13/2017,0.05,7/31/2017,,DTF,0.05
0,,,6/30/2017,7/12/2017,0.0525,7/28/2017,,DEX,0.0525
0,,,6/30/2017,7/12/2017,0.04,7/28/2017,,DDF,0.04
0,,,6/30/2017,7/12/2017,0.06,7/28/2017,,VCF,0.06
0,,,6/30/2017,7/12/2017,0.05,7/28/2017,,VFL,0.05
0,,,6/30/2017,7/12/2017,0.0475,7/28/2017,,VMM,0.0475
0,,,6/9/2017,6/15/2017,0.031,6/30/2017,,LBF,0.031
0,,,6/9/2017,6/15/2017,0.069,6/30/2017,,DHG,0.069
0,,0.00162,6/9/2017,6/15/2017,0.03338,6/30/2017,,KMM,0.035
0,,,6/9/2017,6/15/2017,0.07,6/30/2017,,KTF,0.07
0,,,6/9/2017,6/15/2017,0.04,6/30/2017,,KST,0.04
0,,,6/9/2017,6/15/2017,0.0575,6/30/2017,,KSM,0.0575
0,,,7/3/2017,7/12/2017,0.106,8/1/2017,,DRA,0.106
0,,0.0615,6/1/2017,6/13/2017,0.0885,6/30/2017,,DNI,0.15
0,,,7/3/2017,7/12/2017,0.15,7/31/2017,,DSL,0.15
0,,,7/3/2017,7/12/2017,0.167,7/31/2017,,DBL,0.167
0,,,6/27/2017,7/10/2017,0.0265,7/26/2017,,DHF,0.0265
0,,,7/5/2017,7/18/2017,0.053,8/1/2017,,DMB,0.053
0,,,6/29/2017,7/12/2017,0.041,7/31/2017,,DMF,0.041
0,,,6/29/2017,7/12/2017,0.0415,7/31/2017,,DSM,0.0415
0,,,6/29/2017,7/12/2017,0.043,7/31/2017,,LEO,0.043
0,,0.149,6/16/2017,9/14/2017,0.195,9/29/2017,,DPG,0.35
0,,0.22,5/1/2017,5/9/2017,,5/18/2017,,DSE,0.22
0,,0.021,6/15/2017,7/13/2017,0.029,7/31/2017,,DUC,0.05
0,,,7/3/2017,7/20/2017,0.0442,7/31/2017,,EIA,0.0442
0,,,7/3/2017,7/20/2017,0.0487,7/31/2017,,EVM,0.0487
0,,,7/3/2017,7/11/2017,0.0396,7/20/2017,,CEV,0.0396
0,,0.0782,7/3/2017,7/20/2017,0.0082,7/31/2017,,EOI,0.0864
0,0.0576,,7/3/2017,7/20/2017,,7/31/2017,,EOS,0.0875
0,,,7/3/2017,7/20/2017,0.069,7/31/2017,,EFT,0.069
0,,,7/3/2017,7/20/2017,0.08,7/31/2017,,EFF,0.08
0,,,7/3/2017,7/11/2017,0.05,7/20/2017,,EHT,0.05
0,,,7/3/2017,7/11/2017,0.0806,7/20/2017,,EVV,0.0806
0,,,7/3/2017,7/20/2017,0.0434,7/31/2017,,MAB,0.0434
0,,,7/3/2017,7/11/2017,0.0438,7/20/2017,,MMV,0.0438
0,,,7/3/2017,7/20/2017,0.0475,7/31/2017,,MIW,0.0475
0,,,7/3/2017,7/11/2017,0.0391,7/20/2017,,EMI,0.0391
0,,,7/3/2017,7/20/2017,0.0709,7/31/2017,,ETX,0.0709
0,,,7/3/2017,7/20/2017,0.0521,7/31/2017,,EIM,0.0521
0,,,7/3/2017,7/20/2017,0.048,7/31/2017,,EIV,0.048
0,,,7/3/2017,7/11/2017,0.0541,7/20/2017,,EVN,0.0541
0,,,7/3/2017,7/20/2017,0.0491,7/31/2017,,EMJ,0.0491
0,,,7/3/2017,7/11/2017,0.0457,7/20/2017,,EVJ,0.0457
0,,,7/3/2017,7/20/2017,0.0439,7/31/2017,,NYH,0.0439
0,,,7/3/2017,7/20/2017,0.0515,7/31/2017,,ENX,0.0515
0,,,7/3/2017,7/11/2017,0.05,7/20/2017,,EVY,0.05
0,,,7/3/2017,7/20/2017,0.0859,7/31/2017,,EOT,0.0859
0,,,7/3/2017,7/20/2017,0.0469,7/31/2017,,EIO,0.0469
0,,,7/3/2017,7/11/2017,0.0451,7/20/2017,,EVO,0.0451
0,,,7/3/2017,7/20/2017,0.0486,7/31/2017,,EIP,0.0486
0,,,7/3/2017,7/11/2017,0.0421,7/20/2017,,EVP,0.0421
0,,,7/3/2017,7/20/2017,0.076,7/31/2017,,ETJ,0.076
0,,,7/3/2017,7/20/2017,0.072,7/31/2017,,EFR,0.072
0,,,7/3/2017,7/11/2017,0.03,7/20/2017,,EVF,0.03
0,,,7/3/2017,7/20/2017,0.0765,7/31/2017,,EVG,0.0765
0,0.1392,,7/3/2017,7/20/2017,0.0408,7/31/2017,,ETO,0.18
0,,0.0573,7/3/2017,7/20/2017,0.0452,7/31/2017,,ETG,0.1025
0,0.0664,,7/3/2017,7/20/2017,0.0786,7/31/2017,,EVT,0.145
0,,0.265,6/1/2017,6/21/2017,0.025,6/30/2017,,EXD,0.29
0,,0.0954,7/3/2017,7/20/2017,0.0126,7/31/2017,,ETB,0.108
0,,0.103,7/3/2017,7/20/2017,0.0078,7/31/2017,,ETV,0.1108
0,,0.0774,7/3/2017,7/20/2017,0.0069,7/31/2017,,ETY,0.0843
0,,0.0792,7/3/2017,7/20/2017,0.0118,7/31/2017,,ETW,0.091
0,,0.0682,7/3/2017,7/20/2017,0.0078,7/31/2017,,EXG,0.076
0,1.0878,,11/7/2016,11/21/2016,0.1022,12/28/2016,S,GRF,1.19
0,,,6/6/2017,6/15/2017,0.083,6/30/2017,,EGIF,0.083
0,,0.00667,6/1/2017,6/8/2017,0.18667,6/30/2017,,ECC,0.2
0,0.066,,5/18/2017,8/15/2017,0.037,8/24/2017,,ECF,0.11
0,,,5/9/2017,5/17/2017,0.0505,5/31/2017,,EEA,0.0505
0,,,6/20/2017,7/3/2017,0.0417,7/17/2017,,FIV,0.0417
0,,,6/12/2017,6/21/2017,0.045,7/3/2017,,FPT,0.045
0,,,6/12/2017,6/21/2017,0.061,7/3/2017,,FMN,0.061
0,,0.4308,5/1/2017,5/11/2017,,5/31/2017,,FMO,0.4308
0,,0.05186,6/20/2017,7/3/2017,0.06914,7/17/2017,,FDEU,0.121
0,,0.58,4/10/2017,4/21/2017,,4/28/2017,,FEN,0.58
0,,0.03334,6/20/2017,7/3/2017,0.02753,7/17/2017,,FIF,0.11
0,,0.2324,6/12/2017,6/22/2017,0.0526,6/30/2017,,FFA,0.285
0,,0.00576,6/20/2017,7/3/2017,0.11974,7/17/2017,,FSD,0.1255
0,,,6/20/2017,7/3/2017,0.1525,7/17/2017,,FPF,0.1525
0,,0.10329,6/20/2017,7/3/2017,,7/17/2017,,FEI,0.1183
0,,0.0641,6/20/2017,7/3/2017,0.0009,7/17/2017,,FMY,0.065
0,,0.105,6/20/2017,7/3/2017,,7/17/2017,,FPL,0.105
0,,0.0036,6/20/2017,7/3/2017,0.0627,7/17/2017,,FCT,0.0663
0,,0.0055,5/10/2017,5/22/2017,0.1695,5/31/2017,,FGB,0.175
0,,0.00952,6/20/2017,7/3/2017,0.08048,7/17/2017,,FHY,0.09
0,,0.1933,6/12/2017,6/22/2017,0.1567,6/30/2017,,FEO,0.35
0,,0.01477,6/20/2017,7/3/2017,0.06023,7/17/2017,,FAM,0.075
0,,,7/3/2017,7/20/2017,0.16,7/31/2017,,DFP,0.16
0,,,7/3/2017,7/20/2017,0.073,7/31/2017,,PFO,0.073
0,,,7/3/2017,7/20/2017,0.128,7/31/2017,,FFC,0.128
0,,,7/3/2017,7/20/2017,0.088,7/31/2017,,PFD,0.088
0,,,7/3/2017,7/20/2017,0.133,7/31/2017,,FLC,0.133
0,,0.0033,12/20/2016,12/28/2016,0.0067,12/30/2016,,FXBY,0.01
0,,0.0557,6/15/2017,6/28/2017,0.052,7/14/2017,,FTF,0.1077
0,,,6/15/2017,6/28/2017,0.032,7/14/2017,,FT,0.032
0,,,5/18/2017,7/13/2017,0.05,7/24/2017,,GGN,0.05
0,,,5/18/2017,7/13/2017,0.05,7/24/2017,,GNT,0.05
0,,0.16,5/18/2017,6/14/2017,,6/23/2017,,GDL,0.16
0,0.093,,5/18/2017,6/14/2017,0.018,6/23/2017,,GCV,0.12
0,,,5/18/2017,7/13/2017,0.11,7/24/2017,,GDV,0.11
0,0.005,0.141,5/18/2017,6/14/2017,0.004,6/23/2017,,GAB,0.15
0,0.0087,,12/9/2016,12/19/2016,,12/29/2016,,GGZ,0.05
0,,,5/18/2017,7/13/2017,0.1,7/24/2017,,GLU,0.1
0,0.086,0.04,5/18/2017,6/14/2017,0.004,6/23/2017,,GRX,0.13
0,0.033,0.175,5/18/2017,6/14/2017,0.011,6/23/2017,,GGT,0.22
0,,0.048,5/18/2017,9/13/2017,0.002,9/22/2017,,GUT,0.05
0,0.2,,1/18/2017,1/26/2017,,2/10/2017,,GAM,0.2
0,,0.21,5/5/2017,5/17/2017,,5/26/2017,,GMZ,0.21
0,,0.16,5/5/2017,5/17/2017,,5/26/2017,,GER,0.16
0,,,7/3/2017,7/12/2017,0.1813,7/31/2017,,GGM,0.1813
0,0.0671,0.1729,6/1/2017,6/13/2017,,6/30/2017,,GPM,0.24
0,,,7/3/2017,7/12/2017,0.154,7/31/2017,,GOF,0.1821
0,,,7/3/2017,7/12/2017,0.12573,7/31/2017,,GBAB,0.12573
0,0.13496,,11/18/2016,12/5/2016,,12/28/2016,,CUBA,0.13496
0,1.49,,12/21/2016,12/28/2016,,1/11/2017,,IFN,1.49
0,,,6/14/2017,7/19/2017,0.2,8/22/2017,,INSI,0.2
0,,,7/3/2017,7/12/2017,0.0547,7/31/2017,,VKI,0.0547
0,,,7/3/2017,7/12/2017,0.069,7/31/2017,,VBF,0.069
0,,,7/3/2017,7/12/2017,0.0535,7/31/2017,,VCV,0.0535
0,,,7/3/2017,7/12/2017,0.05,7/31/2017,,IHIT,0.05
0,,,7/3/2017,7/12/2017,0.084,7/31/2017,,VLT,0.084
0,,,7/3/2017,7/12/2017,0.0344,7/31/2017,,OIA,0.0344
0,,,7/3/2017,7/12/2017,0.0636,7/31/2017,,VGM,0.0636
0,,,7/3/2017,7/12/2017,0.0599,7/31/2017,,VMO,0.0599
0,,,7/3/2017,7/12/2017,0.0591,7/31/2017,,VKQ,0.0591
0,,,7/3/2017,7/12/2017,0.0521,7/31/2017,,VPV,0.0521
0,,,7/3/2017,7/12/2017,0.0546,7/31/2017,,IQI,0.0546
0,,,7/3/2017,7/12/2017,0.0205,7/31/2017,,VVR,0.0205
0,,,7/3/2017,7/12/2017,0.0571,7/31/2017,,VTN,0.0571
0,,0.01499,7/3/2017,7/12/2017,0.05601,7/31/2017,,VTA,0.071
0,,,7/3/2017,7/12/2017,0.062,7/31/2017,,IIM,0.062
0,,,7/3/2017,7/13/2017,0.12,7/31/2017,,IVH,0.12
0,0.1586,0.0825,6/1/2017,6/8/2017,0.129,6/30/2017,,BTO,0.3701
0,0.2064,,6/1/2017,6/8/2017,0.1696,6/30/2017,,HEQ,0.376
0,,,6/1/2017,6/8/2017,0.2002,6/30/2017,,JHS,0.2002
0,,,6/1/2017,6/8/2017,0.3209,6/30/2017,,JHI,0.3209
0,,0.0509,7/3/2017,7/11/2017,0.0891,7/31/2017,,HPI,0.14
0,,0.0461,7/3/2017,7/11/2017,0.0939,7/31/2017,,HPF,0.14
0,,0.0236,7/3/2017,7/11/2017,0.0986,7/31/2017,,HPS,0.1222
0,,0.0613,7/3/2017,7/11/2017,0.0362,7/31/2017,,PDT,0.0975
0,,0.0538,6/1/2017,6/8/2017,0.1662,6/30/2017,,HTY,0.22
0,,0.0755,7/3/2017,7/11/2017,0.0625,7/31/2017,,HTD,0.138
0,0.1628,,9/12/2016,12/7/2016,0.05513,12/19/2016,,JFC,0.3446
0,0.5331,,12/8/2016,12/15/2016,0.3462,12/23/2016,,JOF,0.9361
0,,0.005,4/27/2017,5/11/2017,0.12,5/31/2017,,KIO,0.125
0,,0.36,6/30/2017,7/6/2017,0.04,7/14/2017,,KED,0.4
0,,,6/30/2017,7/6/2017,0.25,7/14/2017,,KYE,0.25
0,,0.45,6/30/2017,7/6/2017,,7/14/2017,,KYN,0.45
0,,,6/30/2017,7/6/2017,0.3,7/14/2017,,KMF,0.3
0,2.1347,,6/15/2017,6/30/2017,0.0706,6/29/2017,,KEF,2.5487
0,0.05097,,12/16/2016,12/22/2016,0.27655,1/6/2017,S,KF,0.32752
0,,0.21657,5/17/2017,6/21/2017,0.09343,7/3/2017,,SCD,0.31
0,,,6/20/2017,6/28/2017,0.02619,7/14/2017,,LDF,0.02619
0,,,6/15/2017,7/10/2017,0.08183,7/24/2017,,LGI,0.08183
0,,,6/15/2017,7/10/2017,0.06045,7/24/2017,,LOR,0.06045
0,,0.09,5/17/2017,6/21/2017,,7/3/2017,,BWG,0.09
0,0.12099,,4/17/2017,4/26/2017,0.00901,6/12/2017,,USA,0.13
0,0.1,,4/17/2017,4/26/2017,,6/12/2017,,ASG,0.1
0,,,7/3/2017,7/18/2017,0.046,7/31/2017,,CCA,0.046
0,,0.02412,7/3/2017,7/18/2017,0.03314,7/31/2017,,MCR,0.06281
0,,0.02009,7/3/2017,7/18/2017,0.01164,7/31/2017,,MGF,0.03173
0,,,7/3/2017,7/18/2017,0.025,7/31/2017,,CXE,0.025
0,,,7/3/2017,7/18/2017,0.0225,7/31/2017,,CMU,0.0225
0,,0.00832,7/3/2017,7/18/2017,0.01427,7/31/2017,,CIF,0.02259
0,5e-05,0.02242,7/3/2017,7/18/2017,0.00794,7/31/2017,,MIN,0.03247
0,,,7/3/2017,7/18/2017,0.041,7/31/2017,,CXH,0.041
0,,0.01964,7/3/2017,7/18/2017,0.02526,7/31/2017,,MMT,0.0449
0,,,7/3/2017,7/18/2017,0.033,7/31/2017,,MFM,0.033
0,,0.03317,7/3/2017,7/18/2017,0.01727,7/31/2017,,MFV,0.05044
0,,,12/13/2016,12/21/2016,0.14573,1/13/2017,,APF,0.14573
0,,,6/20/2017,6/28/2017,0.03402,7/14/2017,,CAF,0.03402
0,,,6/20/2017,6/28/2017,0.02544,7/14/2017,,MSF,0.02544
0,,,6/20/2017,6/28/2017,0.15,7/14/2017,,MSD,0.15
0,,,6/20/2017,6/28/2017,0.16,7/14/2017,,EDD,0.16
0,,,6/13/2017,6/21/2017,0.05,6/30/2017,,ICB,0.05
0,0.72739,,6/20/2017,6/28/2017,,7/14/2017,,IIF,0.72739
0,,0.0274,5/10/2017,5/22/2017,0.2726,5/31/2017,,MFD,0.3
0,,0.06,6/2/2017,6/14/2017,0.1148,6/30/2017,,MGU,0.37
0,,,6/1/2017,6/14/2017,0.01,6/30/2017,,MCN,0.18
0,,,6/1/2017,6/14/2017,0.01,6/30/2017,,MSP,0.26
0,,,7/3/2017,7/12/2017,0.09,7/31/2017,,MMD,0.09
0,,,7/3/2017,7/12/2017,0.045,7/31/2017,,MZF,0.045
0,,,7/3/2017,7/12/2017,0.053,8/1/2017,,MHE,0.053
0,,0.13,6/5/2017,7/14/2017,,7/27/2017,,MXF,0.13
0,,,7/3/2017,8/23/2017,0.116,8/31/2017,,HIE,0.116
0,,,6/15/2017,6/28/2017,0.0512,7/17/2017,,NBW,0.0512
0,,,6/30/2017,7/13/2017,0.0725,7/31/2017,,NHS,0.0725
0,,,6/15/2017,6/28/2017,0.0675,7/17/2017,,NBH,0.0675
0,,0.055,6/30/2017,7/13/2017,,7/31/2017,,NML,0.055
0,,,6/15/2017,6/28/2017,0.0437,7/17/2017,,NBO,0.0437
0,,,6/30/2017,7/13/2017,0.045,7/31/2017,,NRO,0.045
0,,,7/3/2017,7/13/2017,0.06,7/31/2017,,HYB,0.06
0,0.354,,12/20/2016,12/28/2016,0.4418,1/27/2017,S,GF,0.7958
0,0.30985,,6/13/2017,6/21/2017,,6/30/2017,,IRL,0.30985
0,,,7/4/2017,7/20/2017,0.2,7/31/2017,,NHF,0.2
0,,,7/3/2017,7/12/2017,0.0725,8/1/2017,,NVG,0.0725
0,,,7/3/2017,7/12/2017,0.06,8/1/2017,,NUW,0.06
0,,,7/3/2017,7/12/2017,0.062,8/1/2017,,NEA,0.062
0,,,7/3/2017,7/12/2017,0.054,8/1/2017,,NAZ,0.054
0,,0.246,7/3/2017,7/12/2017,,8/15/2017,,JMLP,0.246
0,,,7/3/2017,7/12/2017,0.103,8/1/2017,,NBB,0.103
0,,,7/3/2017,7/12/2017,0.0955,8/1/2017,,NBD,0.0955
0,,,7/3/2017,7/12/2017,0.0655,8/1/2017,,NKX,0.0655
0,,,7/3/2017,7/12/2017,0.034,8/1/2017,,NCA,0.034
0,,,7/3/2017,7/12/2017,0.063,8/1/2017,,NCB,0.063
0,,,7/3/2017,7/12/2017,0.0655,8/1/2017,,NAC,0.0655
0,,,7/3/2017,7/12/2017,0.0495,8/1/2017,,NXC,0.0495
0,,,7/3/2017,7/12/2017,0.0485,8/1/2017,,NTC,0.0485
0,0.25225,,6/1/2017,6/13/2017,0.02525,7/3/2017,,JCE,0.2775
0,,,7/3/2017,7/12/2017,0.047,8/1/2017,,JCO,0.047
0,,,7/3/2017,7/12/2017,0.0525,8/1/2017,,JQC,0.0525
0,0.03483,0.09342,6/1/2017,6/13/2017,0.14175,7/3/2017,,JDD,0.27
0,0.08713,0.09658,6/1/2017,6/13/2017,0.0718,7/3/2017,,DIAX,0.2555
0,,0.337,7/3/2017,7/12/2017,,8/15/2017,,JMF,0.337
0,,,7/3/2017,7/12/2017,0.068,8/1/2017,,NEV,0.068
0,,,7/3/2017,7/12/2017,0.0705,8/1/2017,,JRO,0.0705
0,,,7/3/2017,7/12/2017,0.0675,8/1/2017,,JFR,0.0675
0,,,7/3/2017,7/12/2017,0.047,8/1/2017,,NKG,0.047
0,,0.00205,7/3/2017,7/12/2017,0.11795,8/1/2017,,JGH,0.12
0,,,7/3/2017,7/12/2017,0.05,8/1/2017,,JHB,0.05
0,,,7/3/2017,7/12/2017,0.049,8/1/2017,,JHY,0.049
0,0.01041,,7/3/2017,7/12/2017,0.02959,8/1/2017,,JHA,0.04
0,,,7/3/2017,7/12/2017,0.0505,8/1/2017,,JHD,0.0505
0,,,7/3/2017,7/12/2017,0.0415,8/1/2017,,NIQ,0.0415
0,,,7/3/2017,7/12/2017,0.053,8/1/2017,,NID,0.053
0,,,7/3/2017,7/12/2017,0.0545,8/1/2017,,NMT,0.0545
0,,,7/3/2017,7/12/2017,0.0525,8/1/2017,,NMY,0.0525
0,,,7/3/2017,7/12/2017,0.0535,8/1/2017,,NUM,0.0535
0,,,7/3/2017,7/12/2017,0.0635,8/1/2017,,NMS,0.0635
0,,,7/3/2017,7/12/2017,0.056,8/1/2017,,NOM,0.056
0,0.02419,,7/3/2017,7/12/2017,0.08831,8/1/2017,,JMT,0.1125
0,0.02486,,7/3/2017,7/12/2017,0.08864,8/1/2017,,JLS,0.1135
0,,,7/3/2017,7/12/2017,0.036,8/1/2017,,JMM,0.036
0,,,7/3/2017,7/12/2017,0.019,8/1/2017,,NHA,0.019
0,,,7/3/2017,7/12/2017,0.074,8/1/2017,,NZF,0.074
0,,,7/3/2017,7/12/2017,0.0675,8/1/2017,,NMZ,0.0675
0,,,7/3/2017,7/12/2017,0.0405,8/1/2017,,NMI,0.0405
0,,,7/3/2017,7/12/2017,0.0325,8/1/2017,,NUV,0.0325
0,0.0371,0.29155,6/1/2017,6/13/2017,0.02135,7/3/2017,,QQQX,0.35
0,,,7/3/2017,7/12/2017,0.044,8/1/2017,,NNC,0.044
0,,,7/3/2017,7/12/2017,0.0475,8/1/2017,,NJV,0.0475
0,,,7/3/2017,7/12/2017,0.058,8/1/2017,,NXJ,0.058
0,,,7/3/2017,7/12/2017,0.0535,8/1/2017,,NRK,0.0535
0,,,7/3/2017,7/12/2017,0.0315,8/1/2017,,NNY,0.0315
0,,,7/3/2017,7/12/2017,0.05,8/1/2017,,NYV,0.05
0,,,7/3/2017,7/12/2017,0.0595,8/1/2017,,NAN,0.0595
0,,,7/3/2017,7/12/2017,0.046,8/1/2017,,NXN,0.046
0,,,7/3/2017,7/12/2017,0.0585,8/1/2017,,NUO,0.0585
0,,,7/3/2017,7/12/2017,0.0495,8/1/2017,,NPN,0.0495
0,,,7/3/2017,7/12/2017,0.0585,8/1/2017,,NQP,0.0585
0,,,7/3/2017,7/12/2017,0.065,8/1/2017,,JPC,0.065
0,,,7/3/2017,7/12/2017,0.062,8/1/2017,,JPS,0.062
0,,,7/3/2017,7/12/2017,0.1275,8/1/2017,,JPT,0.1275
0,,,7/3/2017,7/12/2017,0.1415,8/1/2017,,JPI,0.1415
0,,,7/3/2017,7/12/2017,0.064,8/1/2017,,NAD,0.064
0,0.02972,,7/3/2017,7/12/2017,0.07529,8/1/2017,,JRI,0.105
0,0.1356,0.0065,6/1/2017,6/13/2017,0.1079,7/3/2017,,JRS,0.25
0,0.02651,0.16338,6/1/2017,6/13/2017,0.03862,7/3/2017,,BXMX,0.2285
0,,0.1932,6/1/2017,6/13/2017,0.0468,7/3/2017,,SPXX,0.24
0,,,7/3/2017,7/12/2017,0.026,8/1/2017,,NIM,0.026
0,,,7/3/2017,7/12/2017,0.0455,8/1/2017,,NXP,0.0455
0,,,7/3/2017,7/12/2017,0.042,8/1/2017,,NXQ,0.042
0,,,7/3/2017,7/12/2017,0.0435,8/1/2017,,NXR,0.0435
0,,,7/3/2017,7/12/2017,0.0395,8/1/2017,,NSL,0.0395
0,,,7/3/2017,7/12/2017,0.106,8/1/2017,,JSD,0.106
0,,,7/3/2017,7/12/2017,0.053,8/1/2017,,NTX,0.053
0,0.08339,0.09548,6/1/2017,6/13/2017,0.13113,7/3/2017,,JTD,0.31
0,,0.07192,6/1/2017,6/13/2017,0.17608,7/3/2017,,JTA,0.248
0,,,7/3/2017,7/12/2017,0.046,8/1/2017,,NPV,0.046
0,,,2/7/2017,3/14/2017,0.6,3/31/2017,,OXLC,0.6
0,,,7/3/2017,7/12/2017,0.08,8/1/2017,,PCM,0.08
0,,,7/3/2017,7/12/2017,0.077,8/1/2017,,PCQ,0.077
0,,,7/3/2017,7/12/2017,0.0473,8/1/2017,,PCK,0.0473
0,,,7/3/2017,7/12/2017,0.045,8/1/2017,,PZC,0.045
0,,,7/3/2017,7/12/2017,0.13,8/1/2017,,PTY,0.13
0,,,7/3/2017,7/12/2017,0.1125,8/1/2017,,PCN,0.1125
0,,,7/3/2017,7/12/2017,0.16406,8/1/2017,,PCI,0.16406
0,,,7/3/2017,7/12/2017,0.2205,8/1/2017,,PDI,0.2205
0,,,7/3/2017,7/12/2017,0.14668,8/1/2017,,PGP,0.14668
0,,,7/3/2017,7/12/2017,0.0807,8/1/2017,,PHK,0.0807
0,,,7/3/2017,7/12/2017,0.19,8/1/2017,,PKO,0.19
0,,,7/3/2017,7/12/2017,0.09,8/1/2017,,PFL,0.09
0,,,7/3/2017,7/12/2017,0.08,8/1/2017,,PFN,0.08
0,,,7/3/2017,7/12/2017,0.05967,8/1/2017,,PMF,0.05967
0,,,7/3/2017,7/12/2017,0.065,8/1/2017,,PML,0.065
0,,,7/3/2017,7/12/2017,0.05575,8/1/2017,,PMX,0.05575
0,,,7/3/2017,7/12/2017,0.057,8/1/2017,,PNF,0.057
0,,,7/3/2017,7/12/2017,0.05069,8/1/2017,,PNI,0.05069
0,,,7/3/2017,7/12/2017,0.04225,8/1/2017,,PYN,0.04225
0,,,7/3/2017,7/12/2017,0.072,8/1/2017,,RCS,0.072
0,,0.00167,5/16/2017,5/24/2017,0.02333,5/31/2017,,PHF,0.025
0,,,7/5/2017,7/14/2017,0.115,7/31/2017,,HNW,0.115
0,,,7/5/2017,7/14/2017,0.06,7/31/2017,,PHD,0.06
0,,,7/5/2017,7/14/2017,0.065,7/31/2017,,PHT,0.065
0,,,7/5/2017,7/14/2017,0.05,7/31/2017,,MAV,0.05
0,,,7/5/2017,7/14/2017,0.05,7/31/2017,,MHI,0.05
0,,,4/27/2017,6/15/2017,0.145,6/28/2017,,PGZ,0.145
0,,,6/1/2017,6/14/2017,0.09,6/30/2017,,GHY,0.09
0,,,6/1/2017,6/14/2017,0.0925,6/30/2017,,ISD,0.0925
0,,,6/23/2017,7/20/2017,0.0309,8/1/2017,,PCF,0.0309
0,,0.0003,6/23/2017,7/20/2017,0.0334,8/1/2017,,PMM,0.0337
0,,,6/23/2017,7/20/2017,0.026,8/1/2017,,PIM,0.026
0,,,6/23/2017,7/20/2017,0.0541,8/1/2017,,PMO,0.0541
0,,,6/23/2017,7/20/2017,0.026,8/1/2017,,PPT,0.026
0,,0.13617,6/9/2017,6/20/2017,0.19383,6/30/2017,,RIF,0.33
0,0.11941,,4/7/2017,4/18/2017,0.04059,4/28/2017,,UTG,0.16
0,,,6/30/2017,8/10/2017,0.0483,8/24/2017,,RIV,0.21
0,,,7/3/2017,7/12/2017,0.12,7/31/2017,,OPP,0.12
0,,,12/2/2016,12/9/2016,0.14,12/27/2016,,RGT,0.14
0,0.0486,0.05,6/2/2017,6/9/2017,0.0021,6/27/2017,,RMT,0.16
0,0.20811,,6/2/2017,6/9/2017,0.01028,6/27/2017,,RVT,0.27
0,0.2306,0.00359,5/4/2017,5/17/2017,0.00982,5/31/2017,,SMM,0.244
0,0.33908,,5/8/2017,5/24/2017,0.01093,6/15/2017,,SOR,0.35
0,0.25,,12/8/2016,12/19/2016,0.56,12/30/2016,,SPE,0.81
0,0.0351,,6/6/2017,6/13/2017,0.0575,6/28/2017,,FUND,0.1
0,,0.0729,4/19/2017,5/11/2017,0.1071,5/25/2017,,EDF,0.18
0,,0.0449,4/19/2017,5/11/2017,0.1062,5/25/2017,,EDI,0.1511
0,,,6/27/2017,7/12/2017,0.01,7/21/2017,,SWZ,0.01
0,,,6/16/2017,6/28/2017,0.055,7/14/2017,,TSI,0.055
0,,,6/6/2017,6/15/2017,0.105,6/30/2017,,TSLF,0.105
0,0.5,,5/22/2017,5/30/2017,,6/30/2017,,HQH,0.5
0,0.0186,,6/9/2017,6/15/2017,0.0301,6/30/2017,,THQ,0.1125
0,0.41,,5/22/2017,5/30/2017,,6/30/2017,,HQL,0.41
0,,,6/9/2017,6/15/2017,0.0055,6/30/2017,,THW,0.1167
0,0.1455,,12/1/2016,12/13/2016,,12/30/2016,,TDF,0.1455
0,,,12/1/2016,12/13/2016,0.1961,12/30/2016,,EMF,0.1961
0,0.0105,,6/15/2017,6/27/2017,0.0963,7/14/2017,,TEI,0.1068
0,,,7/3/2017,7/12/2017,0.022,7/31/2017,,GIM,0.022
0,0.19898,,6/20/2017,6/28/2017,0.04272,7/14/2017,,TTF,0.2417
0,,0.43737,5/8/2017,5/22/2017,0.00014,5/31/2017,,NDP,0.4375
0,,,5/8/2017,5/22/2017,0.655,5/31/2017,,TYG,0.655
0,,0.18777,5/8/2017,5/22/2017,0.23473,5/31/2017,,NTG,0.4225
0,,0.2979,5/8/2017,5/22/2017,,5/31/2017,,TTP,0.4075
0,0.0744,,5/8/2017,6/21/2017,0.0506,6/30/2017,,TPZ,0.125
0,,,6/9/2017,6/15/2017,0.2509,6/27/2017,,TY,0.2509
0,,,12/13/2016,12/21/2016,0.12423,1/13/2017,,TKF,0.12423
0,0.036,,6/7/2017,7/11/2017,0.054,7/20/2017,,ZTR,0.113
0,0.04,0.017,6/7/2017,7/11/2017,0.077,7/20/2017,,VGI,0.156
0,0.183,,6/7/2017,7/11/2017,0.124,7/20/2017,,ZF,0.361
0,,0.18245,6/15/2017,7/3/2017,0.02255,7/17/2017,,IAE,0.205
0,,0.1776,6/15/2017,7/3/2017,0.0074,7/17/2017,,IHD,0.185
0,,0.00244,6/15/2017,7/3/2017,0.00488,7/17/2017,,IGD,0.061
0,,0.171,6/15/2017,7/3/2017,0.054,7/17/2017,,IGA,0.225
0,,0.24,6/15/2017,7/3/2017,0.05,7/17/2017,,IDE,0.29
0,,0.04108,6/15/2017,7/3/2017,0.01092,7/17/2017,,IID,0.052
0,,0.14418,6/15/2017,7/3/2017,0.01782,7/17/2017,,IRR,0.162
0,,,6/30/2017,7/6/2017,0.025,7/24/2017,,PPR,0.025
0,,,5/17/2017,6/12/2017,0.16483,7/3/2017,,EOD,0.16483
0,,,6/30/2017,7/13/2017,0.05983,8/1/2017,,EAD,0.05983
0,,0.03124,6/30/2017,7/13/2017,0.07558,8/1/2017,,ERC,0.10682
0,,,6/30/2017,7/13/2017,0.075,8/1/2017,,ERH,0.075
0,,,5/17/2017,7/19/2017,0.0675,8/1/2017,,TLI,0.0675
0,,0.01102,5/17/2017,6/21/2017,0.08898,7/3/2017,,EMD,0.1
0,,,5/17/2017,7/19/2017,0.1135,8/1/2017,,GDO,0.1135
0,,,5/17/2017,6/21/2017,0.0675,7/3/2017,,EHI,0.0675
0,,,5/17/2017,6/21/2017,0.05,7/3/2017,,HIX,0.05
0,,,5/17/2017,6/21/2017,0.03,7/3/2017,,HIO,0.03
0,,,5/17/2017,6/21/2017,0.1,7/3/2017,,HYI,0.1
0,0.0121,,5/17/2017,6/21/2017,0.0779,7/3/2017,,IGI,0.09
0,,,5/25/2017,6/21/2017,0.0575,7/3/2017,,PAI,0.0575
0,,,5/17/2017,6/21/2017,0.0364,7/3/2017,,SBI,0.0364
0,,,5/17/2017,7/19/2017,0.063,8/1/2017,,MMU,0.063
0,,,5/17/2017,6/21/2017,0.235,7/3/2017,,DMO,0.235
0,,,5/17/2017,6/21/2017,0.084,7/3/2017,,MTT,0.084
0,,,5/17/2017,6/21/2017,0.0255,7/3/2017,,MHF,0.0255
0,,,5/17/2017,6/21/2017,0.0675,7/3/2017,,MNP,0.0675
0,,,5/25/2017,6/21/2017,0.0725,7/3/2017,,WEA,0.0725
0,,,5/17/2017,6/21/2017,0.0775,7/3/2017,,GFY,0.0775
0,,,7/3/2017,7/12/2017,0.036,7/31/2017,,WIW,0.036
0,,,7/3/2017,7/12/2017,0.0345,7/31/2017,,WIA,0.0345
