,date,discount_ratio,discount_turnover,discount_value,discount_volume,full_discount_value,full_preminum_value,full_value,preminum_ratio,preminum_turnover,preminum_value,preminum_volume,ratio,turnover,value,volume
0,2006-01-06,-1161.48197442,99.9942132978,1.28286891251,0.0,0.0,0.0,0.0,-336.780933923,99.9939434317,1.53338742581,0.0,-770.837924259,99.9987158249,3.60576427223,0.0
1,2006-01-13,-1074.21275634,4.914976555,0.10440797156,0.0,0.0,0.0,0.0,-193.292956211,0.0,-0.183976886187,0.0,-653.506568556,0.0,1.21217025894,0.0
2,2006-01-20,-1088.55587611,11.1044581133,0.483497637006,0.0,0.0,0.0,0.0,-189.843840982,26.5735006088,0.340088523267,0.0,-634.979645825,0.0,-0.0552931856519,0.0
3,2006-01-27,-1084.0054051,7.54462023535,-0.771544744401,0.0,0.0,0.0,0.0,-107.967788073,13.7429264349,-0.746323980171,0.0,-625.323291084,0.0,0.476677172468,0.0
4,2006-02-03,-1138.25137855,8.24285145813,0.501305242335,0.0,0.0,0.0,0.0,-116.315598329,11.5005144967,-0.355785647295,0.0,-614.203490388,0.0,-0.0605676316516,0.0
5,2006-02-10,-1067.43361408,8.0467786063,0.0469055669961,0.0,0.0,0.0,0.0,-129.673722936,16.3440082022,0.0275170662375,0.0,-594.249907952,0.0,0.176543911596,0.0
6,2006-02-17,-1102.63954885,6.68372408752,1.01410651685,0.0,0.0,0.0,0.0,-124.792929615,13.4005487844,0.096896856731,0.0,-611.831233707,5.83015499994,-0.0150245650356,0.0
7,2006-02-24,-1041.74873375,0.0,0.235509482652,0.0,0.0,0.0,0.0,-111.143647527,11.8750421699,0.796539397037,0.0,-575.266402127,0.0,0.644603652232,0.0
8,2006-03-03,-1019.12859515,5.46301751379,-1.15112171398,0.0,0.0,0.0,0.0,-0.622952772319,20.4276100292,-1.51162087413,0.0,-516.638671649,0.0,0.564478441138,0.0
9,2006-03-10,-1054.61789186,18.3924102206,0.926904761193,0.0,0.0,0.0,0.0,-111.73929811,27.491598259,0.693367601523,0.0,-583.601597514,0.0,-1.40355855239,0.0
10,2006-03-17,-1044.73111361,24.8244061981,-0.402427497752,0.0,0.0,0.0,0.0,-76.5059399022,13.3409567372,0.0517323187364,0.0,-571.323599286,0.0,0.765678062367,0.0
11,2006-03-24,-1112.63549302,30.3354555669,-0.51323143976,0.0,0.0,0.0,0.0,89.5707201539,30.9377544223,-0.493187784102,0.0,-540.228636861,1.77423210983,-0.212235202983,0.0
12,2006-03-31,-1023.06351074,22.1001700013,-0.234356462612,0.0,0.0,0.0,0.0,-7.96007759214,28.7841812152,-0.529755850586,0.0,-589.568899347,0.0,-0.817017521814,0.0
13,2006-04-07,-1049.87767846,5.81668876438,-0.449484430837,0.0,0.0,0.0,0.0,43.6438789447,16.0304794767,-1.84716602063,0.0,-605.594367757,0.0,-0.215134393965,0.0
14,2006-04-14,-990.32747731,44.7428480442,0.301393047964,0.0,0.0,0.0,0.0,-239.230365314,46.433125797,-0.231552076612,0.0,-666.302697341,0.0,-1.81748105694,0.0
15,2006-04-21,-1178.75761469,48.1123865567,0.623737605552,0.0,0.0,0.0,0.0,-225.991556301,51.2405297554,0.566650649858,0.0,-751.585609845,67.0181575669,-0.578257282002,0.0
16,2006-04-28,-1216.91737918,6.62978373188,0.27180179015,0.0,0.0,0.0,0.0,-196.801430924,35.0917040486,-0.0488906477392,0.0,-736.787343794,0.0,0.379069464047,0.0
17,2006-05-05,-1241.01915779,9.64747839605,-0.735952110791,0.0,0.0,0.0,0.0,-209.410097739,30.5939506101,-1.57361324235,0.0,-734.107787746,7.05917881995,0.542954322207,0.0
18,2006-05-12,-1252.02883625,10.2005786867,-1.02752422551,0.0,0.0,0.0,0.0,-186.192717955,28.4845956737,-0.592377316379,0.0,-749.756892451,0.0,-1.04035965171,0.0
19,2006-05-19,-1253.52069118,10.1124147072,0.299343524541,0.0,0.0,0.0,0.0,-154.884074882,42.565065192,-0.187673272153,0.0,-707.037661537,0.0,-0.385758993769,0.0
20,2006-05-26,-1264.77342243,17.0344924945,1.52997518171,0.0,0.0,0.0,0.0,-83.1049105771,9.52615082048,0.829550864676,0.0,-716.897987945,0.0,0.0437110859115,0.0
21,2006-06-02,-1180.259987,11.4994250287,-0.894582287869,0.0,0.0,0.0,0.0,-87.3473483518,44.6540564949,-0.634620433203,0.0,-621.116910661,0.0,1.45356078909,0.0
22,2006-06-09,-1140.99901181,16.7050962308,-0.0047901789422,0.0,0.0,0.0,0.0,19.5530414489,18.7205113896,-0.571093904046,0.0,-568.551672937,8.63207962653,-0.52539275866,0.0
23,2006-06-16,-1070.1699535,27.9514723959,-1.10886974977,0.0,0.0,0.0,0.0,41.6761728585,6.68002672011,-0.840694719298,0.0,-525.791546602,0.0,-0.178963825409,0.0
24,2006-06-23,-1091.65819536,4.22726586483,0.998053198451,0.0,0.0,0.0,0.0,66.0819161432,34.6764720903,-0.0376995868586,0.0,-525.123889493,0.0,-0.621558988961,0.0
25,2006-06-30,-1332.63323629,34.1037371517,0.913164691948,0.0,0.0,0.0,0.0,-41.6825507709,16.5660396188,0.802934436316,0.0,-589.833689445,0.0,0.411855339059,0.0
26,2006-07-07,-1109.74269392,24.5030923941,-0.992388083672,0.0,0.0,0.0,0.0,93.2372047842,13.3568089369,-0.606126680918,0.0,-533.958840949,0.0,0.764732829508,0.0
27,2006-07-14,-1169.51088239,0.0,0.0260316210144,0.0,0.0,0.0,0.0,117.855732897,19.0626586205,0.873694601416,0.0,-518.547312916,0.0,-0.556538757349,0.0
28,2006-07-21,-1082.80956379,29.3071048739,2.22149812677,0.0,0.0,0.0,0.0,164.047290741,26.8117052245,1.16777938354,0.0,-509.937649161,0.0,0.28673929318,0.0
29,2006-07-28,-1030.39981864,11.7060302543,1.13175649135,0.0,0.0,0.0,0.0,215.770684113,19.1754554171,0.522755332122,0.0,-475.469255663,0.0,1.53053819797,0.0
30,2006-08-04,-1087.84382229,3.11600018885,0.518512198104,0.0,0.0,0.0,0.0,260.548007504,21.545108294,-0.366073834241,0.0,-466.720454328,0.0,0.688205346859,0.0
31,2006-08-11,-1046.10124633,6.83316491025,0.919803122062,0.0,0.0,0.0,0.0,283.696208288,0.0,0.848726054297,0.0,-422.218265422,8.47171720958,0.00234212261784,0.0
32,2006-08-18,-1018.66485397,10.4542684356,0.396994971291,0.0,0.0,0.0,0.0,239.199513253,24.9193164383,0.00166885298003,0.0,-410.867288926,0.0,0.840251953067,0.0
33,2006-08-25,-995.367587424,4.86618004866,0.284971342291,0.0,0.0,0.0,0.0,240.987513059,9.85025620616,1.00700642055,0.0,-385.204358311,0.0,0.263806431574,0.0
34,2006-09-01,-1011.85650354,3.17597805688,-0.260019166109,0.0,0.0,0.0,0.0,321.905701878,8.00857255654,-0.503320360368,0.0,-367.206332546,0.0,0.729131172543,0.0
35,2006-09-08,-952.111949745,10.4542684356,-0.455595995378,0.0,0.0,0.0,0.0,275.732500926,24.1786148881,0.373584865557,0.0,-356.46699404,0.0,-0.374853292617,0.0
36,2006-09-15,-928.82705921,0.0,-0.331815787962,0.0,0.0,0.0,0.0,359.254321279,26.9010677836,0.219153771096,0.0,-317.489222926,0.0,0.295727826222,0.0
37,2006-09-22,-888.790075797,0.0,0.930589005436,0.0,0.0,0.0,0.0,458.14386906,13.2040437384,0.575229285563,0.0,-287.056982313,0.0,0.0419859862627,0.0
38,2006-09-29,-890.977703102,9.85423005313,-0.0240059897695,0.0,0.0,0.0,0.0,401.846318672,19.1655258616,-1.10218240456,0.0,-291.867104122,0.0,0.403511781106,0.0
39,2006-10-06,-876.93519822,0.0,0.885175629036,0.0,0.0,0.0,0.0,330.749604566,6.6020218692,-0.327623286535,0.0,-319.991954847,0.0,-0.199475684148,0.0
40,2006-10-13,-834.31429782,6.54394802505,0.282402239881,0.0,0.0,0.0,0.0,305.240354859,0.0,0.801714764889,0.0,-330.45367123,0.0,-0.0514221383661,0.0
41,2006-10-20,-856.376170533,10.2112841749,0.493676515859,0.0,0.0,0.0,0.0,328.494413231,20.3269995581,0.889623146945,0.0,-313.682040452,0.0,0.532081489571,0.0
42,2006-10-27,-863.17496642,5.07437440923,-1.02631248763,0.0,0.0,0.0,0.0,378.1882384,5.21417728203,-1.94567587944,0.0,-305.111437945,0.0,0.612914575568,0.0
43,2006-11-03,-952.059788033,10.2656717837,0.712915598031,0.0,0.0,0.0,0.0,249.973287127,13.8618150314,0.680346194524,0.0,-390.966549761,0.0,-0.839629000589,0.0
44,2006-11-10,-932.801197662,0.0,-0.303861937957,0.0,0.0,0.0,0.0,239.727341434,29.6494389861,0.0129202154778,0.0,-373.951301681,0.0,0.604962913372,0.0
45,2006-11-17,-964.877705791,9.29134649189,1.32631956478,0.0,0.0,0.0,0.0,288.253902758,16.7801389175,0.743861583282,0.0,-377.252831517,0.0,0.0390754013874,0.0
46,2006-11-24,-897.766741124,14.1628249608,1.10922751793,0.0,0.0,0.0,0.0,362.662833855,4.94869369042,0.560222839947,0.0,-326.46780053,0.0,0.796099646394,0.0
47,2006-12-01,-892.327582041,19.4287371321,0.429665822683,0.0,0.0,0.0,0.0,342.6136586,29.5479746918,0.362638627904,0.0,-295.869693656,0.0,0.827069382133,0.0
48,2006-12-08,-862.378584702,6.98106574255,-0.153245322635,0.0,0.0,0.0,0.0,456.255144033,21.2259042668,-0.0119018210545,0.0,-274.116981559,0.0,0.323376272452,0.0
49,2006-12-15,-869.198935262,0.0,0.458468437888,0.0,0.0,0.0,0.0,466.709124457,27.9745253259,0.56549307763,0.0,-262.244094983,0.0,-0.0130121751107,0.0
50,2006-12-22,-746.352539843,24.359042695,-0.327705804711,0.0,0.0,0.0,0.0,594.45648057,4.16635103401,0.128659765582,0.0,-170.476306321,9.85902869361,0.258637655626,0.0
51,2006-12-29,-730.589211201,11.8646624101,-0.788288380712,0.0,0.0,0.0,0.0,685.215739055,19.9509144169,-1.65214390886,0.0,-168.415001088,0.0,-0.229459436604,0.0
52,2007-01-05,-721.4600683,22.3473728357,0.596221605134,0.0,0.0,0.0,0.0,504.049375905,25.101717123,-0.822753144977,0.0,-219.951857211,0.0,-0.584615796803,0.0
53,2007-01-12,-790.482176683,45.8067849148,0.929959464039,0.0,0.0,0.0,0.0,512.743251198,31.7887477924,0.0995870617364,0.0,-209.087719748,0.0,0.15376104145,0.0
54,2007-01-19,-846.911812141,9.61228307851,0.481181175718,0.0,0.0,0.0,0.0,438.822241391,30.7876053347,-0.266049364692,0.0,-195.549096683,0.0,0.43471277592,0.0
55,2007-01-26,-670.548478226,25.3184798252,1.30313730414,0.0,0.0,0.0,0.0,427.729393468,20.9665341858,0.578069228472,0.0,-172.985365104,0.0,0.0627991674047,0.0
56,2007-02-02,-804.367084411,18.234865062,-0.752786717669,0.0,0.0,0.0,0.0,428.842808594,0.0,-0.512479764812,0.0,-152.140433541,0.0,0.829851720998,0.0
57,2007-02-09,-892.59244346,8.79135628481,0.248438003448,0.0,0.0,0.0,0.0,375.352907069,13.388856676,-0.392195906817,0.0,-194.662552336,0.0,-0.388508693611,0.0
58,2007-02-16,-907.012134474,9.87998143359,0.580899580148,0.0,0.0,0.0,0.0,311.336608788,3.96404444196,0.110789323408,0.0,-235.572783959,0.0,-0.0170911104463,0.0
59,2007-02-23,-900.428159184,8.79135628481,-1.14843041573,0.0,0.0,0.0,0.0,312.114901457,0.0,-1.25447370606,0.0,-227.8170574,0.0,0.316270446415,0.0
60,2007-03-02,-769.801537539,25.8982607273,0.894886408687,0.0,0.0,0.0,0.0,416.869065306,16.2780182159,0.391605274143,0.0,-210.532771667,0.0,-0.983039802285,0.0
61,2007-03-09,-732.596368791,0.0,-0.660046390082,0.0,0.0,0.0,0.0,419.47354822,0.0,-0.174914848613,0.0,-204.633103289,0.0,0.416518185627,0.0
62,2007-03-16,-756.507824001,0.0,0.936096219367,0.0,0.0,0.0,0.0,419.161611647,5.93831811506,0.55443617117,0.0,-212.816609262,0.0,-0.376036131404,0.0
63,2007-03-23,-787.956632792,12.010216836,0.295971987191,0.0,0.0,0.0,0.0,478.701134931,47.4000445071,0.485862440727,0.0,-199.105151452,9.70421170149,0.939932977517,0.0
64,2007-03-30,-749.440791261,0.0,0.988861271259,0.0,0.0,0.0,0.0,600.823710547,8.98126764178,-0.232584630561,0.0,-152.783305321,0.0,0.279056182605,0.0
65,2007-04-06,-555.281968906,29.0287418966,0.489511513727,0.0,0.0,0.0,0.0,364.993123534,34.3823315266,-0.00293906900697,0.0,-189.379319926,0.0,0.548044163228,0.0
66,2007-04-13,-647.359702299,25.7487545766,-0.194418133272,0.0,0.0,0.0,0.0,593.011133077,37.2489855374,-0.0639801648357,0.0,-106.48231527,64.6783869662,0.698732740738,0.0
67,2007-04-20,-852.313510513,11.4495871209,0.965667118603,0.0,0.0,0.0,0.0,531.394235772,0.0,-0.0805531246757,0.0,-187.353854081,0.0,-0.175912975612,0.0
68,2007-04-27,-816.454064526,18.8510543179,0.210901007184,0.0,0.0,0.0,0.0,438.189648984,42.9976311823,-0.0550360852768,0.0,-163.08387825,0.0,0.484936702285,0.0
69,2007-05-04,-775.032424517,11.5054738163,0.152928846036,0.0,0.0,0.0,0.0,414.555940839,7.43047201189,0.0690373050854,0.0,-171.414287642,0.0,0.180305370073,0.0
70,2007-05-11,-700.217587849,23.5067205111,0.0596054661729,0.0,0.0,0.0,0.0,468.94208609,11.1515872426,-0.28043205823,0.0,-152.616456675,0.0,0.0393740889666,0.0
71,2007-05-18,-745.428819727,21.7261419803,-0.694834820435,0.0,0.0,0.0,0.0,429.104155825,0.0,0.00145287161629,0.0,-194.968654537,0.0,-0.400407269991,0.0
72,2007-05-25,-806.662313327,19.930725115,0.887991955806,0.0,0.0,0.0,0.0,451.002155974,0.0,0.583927289741,0.0,-219.609868607,0.0,-0.578367765673,0.0
73,2007-06-01,-758.769556261,9.18657090362,-1.76295842033,0.0,0.0,0.0,0.0,501.701962308,18.3925911534,-4.00551609008,0.0,-168.426470047,0.0,0.731916587596,0.0
74,2007-06-08,-819.767052847,13.5059785639,0.330173160289,0.0,0.0,0.0,0.0,224.148891926,24.300398075,-0.297270234582,0.0,-315.421722222,0.0,-2.69079343713,0.0
75,2007-06-15,-823.935319993,0.0,-1.08914764463,0.0,0.0,0.0,0.0,228.40424843,17.4859141247,-0.530198935767,0.0,-303.740108697,0.0,0.282320475245,0.0
76,2007-06-22,-796.29530278,9.75971691114,0.228745727193,0.0,0.0,0.0,0.0,317.336596246,20.9404621771,-0.526149919817,0.0,-296.835737668,5.82517021197,-0.762339860058,0.0
77,2007-06-29,-933.785914639,10.4616784171,0.823740547974,0.0,0.0,0.0,0.0,340.908003886,18.6832075331,-0.377778288087,0.0,-299.90739473,0.0,0.0506753927911,0.0
78,2007-07-06,-904.075938124,8.28954185478,0.246036614433,0.0,0.0,0.0,0.0,257.245119306,26.0303687636,-2.19024284778,0.0,-273.441580264,0.0,0.7159548801,0.0
79,2007-07-13,-776.374098343,48.6757337151,-1.30953944758,0.0,0.0,0.0,0.0,139.652499787,13.882974193,-1.72944049496,0.0,-416.929463163,0.0,-1.28249912801,0.0
80,2007-07-20,-959.042312167,22.8399975507,-3.29979191739,0.0,0.0,0.0,0.0,10.9752715507,14.7138124952,-4.85907887104,0.0,-562.647091771,0.0,-1.95588522545,0.0
81,2007-07-27,-1179.88767345,23.7867997944,0.0504864121517,0.0,0.0,0.0,0.0,20.4392686443,21.2426978226,-0.121107152721,0.0,-604.969816159,0.0,-3.64076412871,0.0
82,2007-08-03,-1199.68423691,32.1610558851,-0.4524234745,0.0,0.0,0.0,0.0,55.5716561718,0.0,-2.06106241665,0.0,-575.92723516,0.0,-0.0964091271601,0.0
83,2007-08-10,-1228.12844275,37.7162853995,-0.7394789268,0.0,0.0,0.0,0.0,-158.407440092,30.1405199919,-2.7511436952,0.0,-731.358584036,0.0,-1.58819874488,0.0
84,2007-08-17,-1358.45044468,46.5507571509,5.48563720923,0.0,0.0,0.0,0.0,-239.346028374,21.9254988241,4.50331730299,0.0,-824.889906772,0.0,-2.26601621404,0.0
85,2007-08-24,-1137.81814492,63.8657736283,1.30984404661,0.0,0.0,0.0,0.0,-47.4797056369,0.0,0.227957101489,0.0,-624.500815275,0.0,3.75982528713,0.0
86,2007-08-31,-1000.3826012,56.4352165609,0.23398906463,0.0,0.0,0.0,0.0,7.27510688422,5.23514527528,0.711188485889,0.0,-609.866568751,0.0,0.267737973385,0.0
87,2007-09-07,-1026.37830516,9.12784877216,0.183980193144,0.0,0.0,0.0,0.0,142.808190901,19.1561390471,-2.48470171568,0.0,-537.178651,0.0,0.693571325987,0.0
88,2007-09-14,-1135.35355663,38.3400042132,1.53010198843,0.0,0.0,0.0,0.0,-98.1541204116,25.5246738514,1.06510956397,0.0,-642.516647789,0.0,-0.836415961024,0.0
89,2007-09-21,-1126.63629037,37.5054243382,0.631798570668,0.0,0.0,0.0,0.0,-146.179291594,21.9016690582,0.178340294783,0.0,-682.730610772,0.0,0.682602804752,0.0
90,2007-09-28,-1184.91902695,29.0124732961,2.2211139484,0.0,0.0,0.0,0.0,-103.375632096,22.1352924339,-0.253992645745,0.0,-749.450537385,9.14957728953,0.136011460669,0.0
91,2007-10-05,-1179.01827603,50.5566837056,-0.144688030706,0.0,0.0,0.0,0.0,-131.813775223,21.8690113854,-1.36072461592,0.0,-731.573727294,0.0,1.01506794532,0.0
92,2007-10-12,-1239.95553085,34.9576925452,-1.93941758075,0.0,0.0,0.0,0.0,-194.347826087,16.7898759554,-1.85249214772,0.0,-836.590135536,0.0,-0.887113361686,0.0
93,2007-10-19,-1310.24510648,53.326445095,1.39368396245,0.0,0.0,0.0,0.0,-342.650377784,27.1808458444,0.108097177467,0.0,-957.393590416,0.0,-2.27607697053,0.0
94,2007-10-26,-1362.44765611,37.7987770984,-0.382853490716,0.0,0.0,0.0,0.0,-397.34523043,26.2165394168,-0.988277622242,0.0,-992.090617413,0.0,0.510640323729,0.0
95,2007-11-02,-1353.27124164,23.8843494657,-3.14079675472,0.0,0.0,0.0,0.0,-229.880190974,25.7634447347,-3.91639690339,0.0,-959.380756609,0.0,-0.664625241786,0.0
96,2007-11-09,-1461.85033924,25.0312891114,-1.64197821396,0.0,0.0,0.0,0.0,-348.285167657,16.1111670527,-1.67152906881,0.0,-1114.15403008,0.0,-3.5778216613,0.0
97,2007-11-16,-1517.78935255,13.021621949,-0.528447222883,0.0,0.0,0.0,0.0,-609.380356615,44.3306078219,-0.51391845123,0.0,-1227.44470605,0.0,-1.63764591709,0.0
98,2007-11-23,-1511.10245048,40.414286477,4.41955372206,0.0,0.0,0.0,0.0,-523.890068813,16.651091666,2.19425114789,0.0,-1165.82437691,0.0,-0.659152544412,0.0
99,2007-11-30,-1405.20438365,52.6357891369,1.55280451764,0.0,0.0,0.0,0.0,-487.190167512,28.0469802965,-0.149320096075,0.0,-990.99718193,0.0,3.24456829184,0.0
100,2007-12-07,-1345.27515558,20.1384518565,-2.03549832962,0.0,0.0,0.0,0.0,-505.663954366,16.5254592736,-3.7556584117,0.0,-997.889375511,0.0,0.906474485962,0.0
101,2007-12-14,-1402.13511877,37.480654061,-1.13066327748,0.0,0.0,0.0,0.0,-608.394097844,27.5768211446,-2.00291389863,0.0,-1098.03698869,0.0,-2.66774628611,0.0
102,2007-12-21,-1512.83459922,34.8056927955,1.54668359017,0.0,0.0,0.0,0.0,-745.726603908,12.3407958231,-0.556334740962,0.0,-1228.23632748,0.0,-1.90484067293,0.0
103,2007-12-28,-1383.72477288,49.4482043778,2.50688044911,0.0,0.0,0.0,0.0,-675.520483546,23.1326020446,3.63222295139,0.0,-1136.31168578,2.0435221564,0.8531801726,0.0
104,2008-01-04,-1175.83478855,64.4597980412,0.604334504299,0.0,0.0,0.0,0.0,-315.7056657,22.5687642034,0.98682901855,0.0,-824.473732226,0.0,2.79146153812,0.0
105,2008-01-11,-1109.87635684,42.1249371001,-2.42446605498,0.0,0.0,0.0,0.0,-139.805444537,31.4455923384,-3.34947061425,0.0,-671.162055142,0.0,1.16041856499,0.0
106,2008-01-18,-1145.54694465,44.7843083465,1.80130617521,0.0,0.0,0.0,0.0,-126.305422848,33.7775542704,2.2609659194,0.0,-764.98290983,0.77848463101,-3.18679139794,0.0
107,2008-01-25,-1017.0600248,6.92874334476,3.45295543693,0.0,0.0,0.0,0.0,105.776904707,14.1745628226,1.69584414029,0.0,-603.207599956,0.0,1.67719130652,0.0
108,2008-02-01,-950.363616919,56.948826266,-1.073981742,0.0,0.0,0.0,0.0,50.8764340794,22.0675819698,-0.843699235669,0.0,-513.003273222,0.0,2.59634821543,0.0
109,2008-02-08,-956.053145268,43.6370505636,-1.89058919799,0.0,0.0,0.0,0.0,273.128957432,0.0,-5.70928992055,0.0,-423.568014013,0.77848463101,-1.7021005635,0.0
110,2008-02-15,-1177.29720105,9.25859981483,0.769175106274,0.0,0.0,0.0,0.0,-193.434439933,15.6834646923,0.788265601125,0.0,-802.371308431,0.0,-4.14436648214,0.0
111,2008-02-22,-1184.15024243,19.7720546565,1.07246801048,0.0,0.0,0.0,0.0,-166.886910455,24.3543521448,0.833222894344,0.0,-774.258797485,0.77848463101,0.466664453789,0.0
112,2008-02-29,-1150.65371658,8.52985449072,-1.80902028888,0.0,0.0,0.0,0.0,-30.846975636,23.5954192606,-3.04575320644,0.0,-670.318618136,0.0,1.37418056722,0.0
113,2008-03-07,-1193.35605909,14.7048994051,-1.45067258149,0.0,0.0,0.0,0.0,-129.784961651,23.0807827396,-3.28446543807,0.0,-734.585274477,0.77848463101,-2.22268852449,0.0
114,2008-03-14,-1248.86044858,53.19630276,0.648810310855,0.0,0.0,0.0,0.0,-253.262915306,39.3700787402,1.31015000062,0.0,-869.762683826,0.0,-2.4460022102,0.0
115,2008-03-28,-1290.91788054,34.9850518415,3.28402055937,0.0,0.0,0.0,0.0,-97.0411021119,0.0,1.87077384621,0.0,-871.408838076,5.56233889567,0.578529269918,0.0
116,2008-04-04,-1257.70125809,49.0873391026,-0.611633713239,0.0,0.0,0.0,0.0,-76.7457785386,9.02653490001,-1.37745807152,0.0,-778.78689212,0.0,2.57971731103,0.0
117,2008-04-11,-1330.44002452,24.3852598597,3.02560864951,0.0,0.0,0.0,0.0,-132.594350634,0.0,2.40690139035,0.0,-804.310110736,0.0,-0.706689200329,0.0
118,2008-04-18,-1273.37476564,11.8741754045,0.954003007583,0.0,0.0,0.0,0.0,-43.0619971604,15.3471705767,0.181591757391,0.0,-734.980698314,0.986667653334,2.16944851659,0.0
119,2008-04-25,-1188.90621966,11.9733350592,0.649876654265,0.0,0.0,0.0,0.0,-35.2978162396,0.0,0.498458957059,0.0,-664.511044511,0.0,0.881780066698,0.0
120,2008-05-02,-1162.46996736,5.55516977988,0.803709681902,0.0,0.0,0.0,0.0,-16.3603016099,20.786631343,0.294207783664,0.0,-640.745674079,0.0,1.25902378259,0.0
121,2008-05-09,-1156.44742846,12.0591877974,1.27345439145,0.0,0.0,0.0,0.0,59.6474982492,6.69208621897,0.00224133841497,0.0,-610.927590928,0.0,0.313487146432,0.0
122,2008-05-16,-1156.60852342,7.09219858156,-1.36895326331,0.0,0.0,0.0,0.0,-31.1111975722,0.0,-0.464456249645,0.0,-643.390806724,0.0,0.17538743094,0.0
123,2008-05-23,-1209.42538182,5.47907677556,1.47300626004,0.0,0.0,0.0,0.0,161.408010605,14.8660164757,1.11032030687,0.0,-645.521638855,0.0,-0.871486707358,0.0
124,2008-05-30,-1100.30605073,11.8203309693,-0.288723748021,0.0,0.0,0.0,0.0,253.797445088,6.43323223968,-1.62329767648,0.0,-555.45010545,0.0,1.05929946345,0.0
125,2008-06-06,-1095.83668775,0.0,-2.22380029982,0.0,0.0,0.0,0.0,277.341437114,4.99950985198,-2.84221787086,0.0,-551.079291079,0.0,-0.584804110037,0.0
126,2008-06-13,-1128.78311661,15.0198178152,-2.02786658184,0.0,0.0,0.0,0.0,180.964006822,19.2980881429,-1.95277506445,0.0,-648.828702162,0.0,-2.72464555142,0.0
127,2008-06-20,-1203.02934347,3.30729716417,-1.65017832596,0.0,0.0,0.0,0.0,194.503838499,14.7853284049,-3.06836001655,0.0,-701.901678568,0.0,-1.51074006971,0.0
128,2008-06-27,-1300.88006956,35.0909881374,-5.36334060706,0.0,0.0,0.0,0.0,11.5545117876,16.981302502,-5.95620023127,0.0,-799.019475,0.0,-2.19864004852,0.0
129,2008-07-11,-1470.39895579,30.3047500142,-0.822984567829,0.0,0.0,0.0,0.0,-292.781995246,40.4876926616,-1.22238977227,0.0,-992.161835898,0.0,-4.55171186098,0.0
130,2008-07-18,-1404.78341334,8.67503325429,-0.755242648709,0.0,0.0,0.0,0.0,-297.921689562,34.0155125689,0.0228460650913,0.0,-964.189725286,0.0,-0.171288296104,0.0
131,2008-07-25,-1494.8892938,18.8835514328,1.77829289831,0.0,0.0,0.0,0.0,-406.839611276,35.3385270259,0.86944608252,0.0,-1007.52146438,0.94849780121,-0.311099920704,0.0
132,2008-08-01,-1349.33795608,10.0709922404,-1.34275590585,0.0,0.0,0.0,0.0,-149.241456242,31.8426123111,-0.137158573982,0.0,-899.011345019,0.0,1.25617605786,0.0
133,2008-08-08,-1396.76572561,0.0,-1.05992793222,0.0,0.0,0.0,0.0,-222.827673183,34.411314296,-1.48119019389,0.0,-937.514812579,0.0,-0.422391342501,0.0
134,2008-08-15,-1444.38057757,4.26805609445,-0.235239366722,0.0,0.0,0.0,0.0,-279.145671694,6.10234504402,-1.1301252617,0.0,-969.134033826,0.0,-0.726823442079,0.0
135,2008-08-22,-1516.54787485,9.27624338347,1.06415398874,0.0,0.0,0.0,0.0,-193.014727983,42.9816651638,0.0864562480973,0.0,-1005.62471514,0.0,-0.891496721206,0.0
136,2008-08-29,-1442.91598973,0.0,-3.04674159588,0.0,0.0,0.0,0.0,-219.940739347,24.2686482927,-2.44480930337,0.0,-973.716140476,0.0,0.570923583312,0.0
137,2008-09-05,-1454.38450221,5.99422374802,-4.73591416589,0.0,0.0,0.0,0.0,-326.263328331,40.4391438275,-4.88309175743,0.0,-975.122504034,0.0,-1.6471694819,0.0
138,2008-09-12,-1784.58448688,45.0471587443,-3.01935433007,0.0,0.0,0.0,0.0,-505.82204881,42.3073980568,-7.62439687064,0.0,-1242.86963698,0.0,-4.62083300798,0.0
139,2008-09-19,-1954.71086276,51.9007704682,-3.83420260638,0.0,0.0,0.0,0.0,-796.154380646,57.6716568758,-6.41564269302,0.0,-1373.6359493,0.0,-4.57618019171,0.0
140,2008-09-26,-2081.28309664,59.5851440348,-6.28164422857,0.0,0.0,0.0,0.0,-859.246487,64.693503496,-8.32461082518,0.0,-1534.90939585,3.03836851764,-4.67002745465,0.0
141,2008-10-03,-2117.28707632,31.33981114,-25.2599811136,0.0,0.0,0.0,0.0,-771.613930925,23.7491854319,-30.9675597794,0.0,-1613.28605632,0.0,-7.01198227573,0.0
142,2008-10-10,-3760.76685647,61.9977648874,35.0144341929,0.0,0.0,0.0,0.0,-1945.0714757,63.9249321897,22.5854264863,0.0,-2864.50468516,0.0,-27.0955792005,0.0
143,2008-10-17,-1976.45467374,47.5402656805,-7.07106868364,0.0,0.0,0.0,0.0,-448.764751065,54.7447803924,-6.56551646818,0.0,-1311.30175861,0.0,24.344076684,0.0
144,2008-10-24,-2218.02757279,19.9645329215,14.1921153494,0.0,0.0,0.0,0.0,-595.34061409,20.7680601558,6.67127797143,0.0,-1498.89622148,0.0,-6.62662415022,0.0
145,2008-10-31,-1671.75133397,29.0914406842,0.0463126688051,0.0,0.0,0.0,0.0,-443.462179453,68.1146174937,-1.53380044722,0.0,-1083.4395547,0.0,9.21996699809,0.0
146,2008-11-07,-1810.72652035,52.6426064638,-8.34731990152,0.0,0.0,0.0,0.0,-358.576719239,16.4101909201,-8.82405270724,0.0,-1193.69951751,0.0,-1.34640577728,0.0
147,2008-11-14,-2167.55556734,20.1050342157,-18.6889316386,0.0,0.0,0.0,0.0,-771.344891939,22.2743964843,-23.3203875381,0.0,-1524.59352706,0.0,-7.73890083155,0.0
148,2008-11-21,-3328.56620234,50.6073823929,22.6288416078,0.0,0.0,0.0,0.0,-1587.15174005,29.9869621904,14.6489074852,0.0,-2562.44224061,0.0,-19.2459573697,0.0
149,2008-11-28,-2388.26238336,30.4535536883,-1.92196396456,0.0,0.0,0.0,0.0,-860.477360281,74.1443805483,-5.000469611,0.0,-1673.44380841,0.0,17.4884013463,0.0
150,2008-12-05,-2571.08997168,22.4384576283,-0.755194643079,0.0,0.0,0.0,0.0,-921.697057468,27.1871502864,-4.77681698941,0.0,-1757.53503239,0.0,-2.77793217468,0.0
151,2008-12-12,-2683.76609613,39.0016427322,7.62193132168,0.0,0.0,0.0,0.0,-1162.74398529,70.3381024698,6.59933503512,0.0,-1941.14862483,0.0,-1.48378269406,0.0
152,2008-12-19,-2225.58315285,24.1463527026,4.97172752621,0.0,0.0,0.0,0.0,-346.635637266,56.783802653,0.855090779857,0.0,-1377.31809288,0.0,8.67107571924,0.0
153,2008-12-26,-1949.77767763,30.293926193,8.98720910998,0.0,0.0,0.0,0.0,-21.1343356558,41.070773744,5.48464541161,0.0,-1211.03780441,2.85781155689,2.5979915498,0.0
154,2009-01-02,-1558.35252397,37.4326868351,1.38602623223,0.0,0.0,0.0,0.0,145.053472491,26.2852725164,1.92957122927,0.0,-828.463187199,0.0,7.68095187692,0.0
155,2009-01-09,-1524.43449552,12.755740083,-1.95776994081,0.0,0.0,0.0,0.0,397.039822463,22.068795463,-2.72154826285,0.0,-728.698833471,0.0,2.26429734262,0.0
156,2009-01-16,-1444.4169436,4.86086999653,-1.62651729658,0.0,0.0,0.0,0.0,626.027719342,27.9668357877,-1.48907900354,0.0,-653.550707678,0.0,-2.10075107909,0.0
157,2009-01-23,-1402.1777685,29.8888946847,2.03847804966,0.0,0.0,0.0,0.0,1062.31727058,5.47876976715,-1.27391602152,0.0,-450.125275619,0.0,-0.712613921453,0.0
158,2009-01-30,-1314.17714256,0.0,2.77683040615,0.0,0.0,0.0,0.0,681.754200446,14.6868758078,0.938034875833,0.0,-428.304406203,0.0,1.41915219479,0.0
159,2009-02-06,-1300.67766263,26.8026694157,-2.31760578936,0.0,0.0,0.0,0.0,892.979343556,9.75795209733,-4.26377632262,0.0,-375.686798635,0.0,1.83542561974,0.0
160,2009-02-13,-1337.53638308,29.6280840853,-11.177888828,0.0,0.0,0.0,0.0,211.699148835,43.353750696,-15.143139258,0.0,-434.211083874,0.0,-2.2408924492,0.0
161,2009-02-20,-1931.80955515,21.8309472876,-1.21728405833,0.0,0.0,0.0,0.0,137.45681503,32.1523137057,-4.89362228746,0.0,-1070.76816004,0.0,-11.3366443983,0.0
162,2009-02-27,-1876.00715913,42.4898888941,-9.9222293328,0.0,0.0,0.0,0.0,38.8097339554,6.17828773169,-16.932841747,0.0,-980.54569419,0.0,-1.48459593849,0.0
163,2009-03-06,-2361.55124775,27.6303670892,12.1037379052,0.0,0.0,0.0,0.0,-814.204381775,58.6763702524,10.1910504091,0.0,-1603.45881425,0.0,-11.3887326677,0.0
164,2009-03-13,-1950.89361448,14.7541962846,5.87584426524,0.0,0.0,0.0,0.0,-505.450319124,22.2992671972,1.56341174065,0.0,-1099.04965448,0.0,10.6879880796,0.0
165,2009-03-20,-2128.08817792,45.092246809,6.33642880781,0.0,0.0,0.0,0.0,-233.572280664,27.9796117558,5.64706979261,0.0,-1110.20287998,0.0,2.12960551165,0.0
166,2009-03-27,-2128.82617975,0.0,3.85972639264,0.0,0.0,0.0,0.0,496.619056229,21.5150967275,-1.19149109838,0.0,-995.795163871,1.49947707312,5.52444923094,0.0
167,2009-04-03,-2030.10196822,0.0,5.99596409589,0.0,0.0,0.0,0.0,124.298734866,51.0134675554,5.69921103038,0.0,-966.845553861,0.0,2.34399925192,0.0
168,2009-04-17,-2005.30477214,8.93226366719,0.415600035368,0.0,0.0,0.0,0.0,383.756345178,29.2262728811,-2.88719510641,0.0,-837.293632893,0.0,4.20931553738,0.0
169,2009-04-24,-1976.64213051,0.0,1.76647897643,0.0,0.0,0.0,0.0,66.8440769926,64.0744089911,1.79805271733,0.0,-865.100616172,0.0,-0.0351184813861,0.0
170,2009-05-01,-1958.85948226,0.0,6.25499813035,0.0,0.0,0.0,0.0,368.63143889,38.7758981182,3.64115142047,0.0,-786.798553446,0.0,2.64554143185,0.0
171,2009-05-08,-1828.67443108,17.6231706383,-3.65296026825,0.0,0.0,0.0,0.0,240.669987975,17.1791788353,-4.71554660481,0.0,-792.948677562,0.0,3.81301606732,0.0
172,2009-05-15,-2073.88222645,11.0826234389,3.02429580241,0.0,0.0,0.0,0.0,-167.169365323,50.4668478903,3.61843710596,0.0,-962.592709265,0.0,-2.98287076554,0.0
173,2009-05-22,-1950.48300389,0.0,3.67884552413,0.0,0.0,0.0,0.0,28.0771616425,57.6851507257,4.24565471703,0.0,-768.533032598,0.0,3.66135507292,0.0
174,2009-05-29,-1834.95078984,0.0,2.36659020589,0.0,0.0,0.0,0.0,388.842387383,49.7886815792,0.00255217140191,0.0,-647.951260695,0.0,3.43735864762,0.0
175,2009-06-05,-1753.01298486,0.0,1.43644125496,0.0,0.0,0.0,0.0,381.489879246,32.2300408305,-1.68492715671,0.0,-475.618628798,0.0,2.70627517714,0.0
176,2009-06-12,-1715.15838227,0.0,-2.93884279349,0.0,0.0,0.0,0.0,334.437200534,46.5792160867,-2.45067527523,0.0,-534.831214324,0.0,-0.0753045405012,0.0
177,2009-06-19,-1782.18049283,12.7565169163,0.761212428298,0.0,0.0,0.0,0.0,307.782419341,5.59950226647,1.96180905946,0.0,-589.735890425,0.0,-1.93089006252,0.0
178,2009-06-26,-1481.40013443,31.1772917636,-0.957150595544,0.0,0.0,0.0,0.0,359.775474957,23.8160167258,-2.55979854585,0.0,-669.656784812,3.08613111381,0.928886942121,0.0
179,2009-07-10,-1459.25476958,5.83090379009,4.61679784934,0.0,0.0,0.0,0.0,183.517293359,30.3157189515,3.61004469299,0.0,-657.006185622,0.0,-0.506739209802,0.0
180,2009-07-17,-1476.48499521,9.40262372614,3.39612064049,0.0,0.0,0.0,0.0,425.961625079,44.5004954509,1.42366938189,0.0,-506.233851251,0.0,4.25790160009,0.0
181,2009-07-24,-1416.20854682,0.0,0.929135508215,0.0,0.0,0.0,0.0,509.896077146,27.9000093624,1.9946339252,0.0,-504.474088523,0.0,2.17431725583,0.0
182,2009-07-31,-1438.75907888,0.0,2.22457499767,0.0,0.0,0.0,0.0,485.125754912,34.2481461662,2.09905559462,0.0,-488.23609571,0.0,1.72350317099,0.0
183,2009-08-07,-1401.63908543,5.43827846325,-0.109265317436,0.0,0.0,0.0,0.0,523.488973493,14.7259535953,-0.998601259468,0.0,-403.721526767,0.0,1.9129369998,0.0
184,2009-08-14,-1406.56762352,9.51261820827,0.354614629558,0.0,0.0,0.0,0.0,579.886188115,30.8105032111,-0.8962524257,0.0,-492.03951851,0.0,-0.739248696974,0.0
185,2009-08-21,-1449.36845798,5.43827846325,0.326611884106,0.0,0.0,0.0,0.0,587.168197159,26.3715563927,0.59802179181,0.0,-481.005998584,0.0,0.378228344368,0.0
186,2009-08-28,-1441.4666967,8.95219863746,0.502110901277,0.0,0.0,0.0,0.0,566.409230045,0.0,0.478182265931,0.0,-481.438190539,0.0,0.523018061875,0.0
187,2009-09-04,-1287.91615064,31.0536213935,2.10060997534,0.0,0.0,0.0,0.0,539.544975774,14.3950565269,0.527268598552,0.0,-450.407342587,0.0,0.374872545799,0.0
188,2009-09-11,-1331.10412774,6.4549006285,2.32418815981,0.0,0.0,0.0,0.0,566.176542906,8.76977296943,2.63275590048,0.0,-396.807123485,0.0,1.84371628126,0.0
189,2009-09-18,-1266.41488598,8.77919496439,-0.990280410655,0.0,0.0,0.0,0.0,634.324523361,27.3300057278,-1.97435468732,0.0,-285.088375573,0.0,2.53955011307,0.0
190,2009-09-25,-1175.74404035,11.3904482955,-1.02209724587,0.0,0.0,0.0,0.0,580.974970351,14.1689033144,-2.85824616721,0.0,-133.248904167,1.6357618433,-1.54016175573,0.0
191,2009-10-02,-1261.59696789,5.28064049059,4.38157139114,0.0,0.0,0.0,0.0,429.039140112,40.7144020411,2.26341308067,0.0,-207.722201633,0.0,-1.27750012483,0.0
192,2009-10-09,-1173.58506073,5.57026755547,0.220696580548,0.0,0.0,0.0,0.0,495.396965338,18.3286158415,-0.00749019656282,0.0,-168.509284226,0.0,2.49196098248,0.0
193,2009-10-16,-1261.67249169,11.9341914585,0.214955023102,0.0,0.0,0.0,0.0,413.946637805,3.85864194626,0.81102167744,0.0,-228.433885829,0.0,0.203687647792,0.0
194,2009-10-23,-1225.76874313,14.7916490576,-4.31128645965,0.0,0.0,0.0,0.0,537.080874369,10.3866672962,-6.06793581281,0.0,-197.136905599,0.0,0.289918568308,0.0
195,2009-10-30,-1436.33718548,17.3756249488,3.74184878171,0.0,0.0,0.0,0.0,173.749306027,28.5608537413,2.33577797792,0.0,-511.045354053,0.0,-4.60110848247,0.0
196,2009-11-06,-1317.8906036,15.0671171583,1.37881328441,0.0,0.0,0.0,0.0,442.675921494,24.9986702835,0.524110596218,0.0,-306.289376494,0.0,3.16347181008,0.0
197,2009-11-13,-1333.33542208,16.7397726255,0.311766533473,0.0,0.0,0.0,0.0,416.15739499,5.31087388016,-1.43103214423,0.0,-323.179000907,0.0,0.891763279552,0.0
198,2009-11-20,-1397.89573177,8.15839219978,0.77951709345,0.0,0.0,0.0,0.0,426.196619451,31.0146911695,1.13150023625,0.0,-282.673192675,0.0,0.198840853671,0.0
199,2009-11-27,-1327.81129711,17.3663951302,1.41104067696,0.0,0.0,0.0,0.0,535.193512717,0.0,0.422387829473,0.0,-178.212163423,0.0,1.43407709038,0.0
200,2009-12-04,-1327.54406932,14.2416094015,0.761820409553,0.0,0.0,0.0,0.0,489.537370372,4.13733813336,0.118184445116,0.0,-196.189952844,0.0,0.310582816847,0.0
201,2009-12-11,-1161.02945126,22.9164801719,1.36433901021,0.0,0.0,0.0,0.0,533.685354633,15.4693898185,0.217906366537,0.0,-131.9192087,0.0,0.51488070391,0.0
202,2009-12-18,-1122.12615357,5.46546008422,4.07082589923,0.0,0.0,0.0,0.0,757.39607702,4.61879911223,-1.85988512877,0.0,-60.2062593449,0.0,0.779302603315,0.0
203,2009-12-25,,61.8351520143,,0.0,0.0,0.0,0.0,,76.796376364,,0.0,,25.3868237976,,0.0
204,2010-01-08,-1119.60666254,68.7074447133,-0.1579944818,0.0,0.0,0.0,0.0,444.014468338,86.7109305322,-0.241907157516,0.0,-357.104243045,5.12476839989,1.76000070275,0.0
205,2010-01-15,-1039.8347604,20.2293325322,-2.20587814539,0.0,0.0,0.0,0.0,425.265750583,26.6182698125,-1.56429187716,0.0,-391.611148342,0.0,-0.393357743883,0.0
206,2010-01-22,-1052.43533725,5.27346692783,-2.00017755093,0.0,0.0,0.0,0.0,377.12484422,20.5996627813,-0.677718536313,0.0,-380.379101457,0.0,-1.46245295599,0.0
207,2010-01-29,-1183.4379872,14.3540669856,-1.78180022671,0.0,0.0,0.0,0.0,432.994332738,8.38444220169,-0.107913882315,0.0,-436.086253794,0.0,-1.42430011336,0.0
208,2010-02-05,-1321.59833997,6.22511356626,1.85029359276,0.0,0.0,0.0,0.0,573.226526931,8.59032729147,-1.24596696443,0.0,-511.271073967,0.0,-1.36689273408,0.0
209,2010-02-12,-1213.13309333,13.5403793455,2.68237487369,0.0,0.0,0.0,0.0,564.795135931,54.2173340562,0.70930266466,0.0,-368.917097016,0.0,1.45126362063,0.0
210,2010-02-19,-1124.83499817,8.15856911249,0.680562023342,0.0,0.0,0.0,0.0,785.164500968,33.3609805548,1.02959704333,0.0,-297.208183861,0.0,1.82604127037,0.0
211,2010-02-26,-1063.13189859,11.4913562824,2.38228458041,0.0,0.0,0.0,0.0,853.032548541,5.15899071382,1.46167451515,0.0,-227.252992733,0.0,1.03358157565,0.0
212,2010-03-05,-1004.31177864,0.0,0.269491221583,0.0,0.0,0.0,0.0,783.088721295,47.1146513007,-1.33502852484,0.0,-185.111496564,0.0,1.89813952214,0.0
213,2010-03-12,-1012.12287687,0.0,-0.604075229275,0.0,0.0,0.0,0.0,740.277095161,42.1150749936,-0.00222920755028,0.0,-201.183690096,0.0,0.267807692341,0.0
214,2010-03-19,-1020.26123245,0.0,0.411091921866,0.0,0.0,0.0,0.0,693.527637299,24.842516192,0.550829118547,0.0,-170.628697726,16.0105658953,0.0608663641936,0.0
215,2010-03-26,-964.395425722,0.0,1.75671198283,0.0,0.0,0.0,0.0,717.375703348,24.6287242874,-0.121237366263,0.0,-131.004433903,0.0,0.239384174419,0.0
216,2010-04-02,,61.3746073098,,0.0,0.0,0.0,0.0,,96.1612137001,,0.0,,21.5529369394,,0.0
217,2010-04-09,-972.214514118,72.6789875887,-0.243025594634,0.0,0.0,0.0,0.0,653.031063696,85.8696789039,-0.761397372617,0.0,-189.614290913,6.06460829369,0.893442532497,0.0
218,2010-04-16,-1001.98309035,0.0,1.19918524132,0.0,0.0,0.0,0.0,522.067958803,37.3043548779,0.995845510842,0.0,-213.863020714,0.0,-0.16931020178,0.0
219,2010-04-23,-983.19161227,5.1412396742,-0.632533358879,0.0,0.0,0.0,0.0,667.082372475,8.48630200166,-1.27379651837,0.0,-159.486260293,0.0,0.943859616434,0.0
220,2010-04-30,-945.460689735,0.0,-7.36018776602,0.0,0.0,0.0,0.0,554.683566587,8.27391954934,-8.47485286946,0.0,-150.448376707,0.0,-0.782732390295,0.0
221,2010-05-07,-1240.84057304,5.52327253898,3.53297111638,0.0,0.0,0.0,0.0,275.222377023,35.901832601,3.18168001245,0.0,-511.802671123,0.0,-8.04636043304,0.0
222,2010-05-14,-1134.92600672,3.1837745416,-5.45847659154,0.0,0.0,0.0,0.0,527.10554794,43.5033547363,-8.03578537656,0.0,-275.351949435,0.0,3.86524838534,0.0
223,2010-05-21,-1279.66539704,37.9923822381,3.28349821277,0.0,0.0,0.0,0.0,150.404082053,13.5037624987,2.92266664396,0.0,-633.462487028,0.0,-6.75112240627,0.0
224,2010-05-28,-1100.86637453,18.7952061665,-1.38895752335,0.0,0.0,0.0,0.0,512.509580769,10.6840088259,-2.11453576777,0.0,-395.629034649,0.0,2.89389339899,0.0
225,2010-06-04,-1170.34264294,0.0,1.81172298297,0.0,0.0,0.0,0.0,381.679091232,28.872322802,1.63608532411,0.0,-434.245225806,0.0,-1.14336562258,0.0
226,2010-06-11,-1142.15730205,3.1837745416,1.33246172031,0.0,0.0,0.0,0.0,570.918715445,13.6454534761,2.03962731041,0.0,-361.759949327,0.0,1.5080685837,0.0
227,2010-06-18,-1007.24238539,41.1564475487,-1.22865673059,0.0,0.0,0.0,0.0,667.374873468,39.2531773704,-0.453660410988,0.0,-363.53822643,10.0607038248,1.91765622829,0.0
228,2010-06-25,-1143.05750211,7.05730331494,-1.48131196886,0.0,0.0,0.0,0.0,552.727430405,30.0927933397,-1.70847751514,0.0,-380.338186809,0.0,-1.04488180188,0.0
229,2010-07-02,-1031.83610074,30.8420546577,4.478163083,0.0,0.0,0.0,0.0,629.45037601,31.8447683595,0.529516770172,0.0,-442.410748398,0.0,-2.28042403536,0.0
230,2010-07-09,-982.34006409,10.8103934211,0.086303302745,0.0,0.0,0.0,0.0,543.843668742,27.8149869987,-0.306409765958,0.0,-361.417696085,0.0,3.21465113528,0.0
231,2010-07-16,-1211.05454735,1.03998752015,3.0499370763,0.0,0.0,0.0,0.0,490.88658468,1.44682903304,1.06633822106,0.0,-364.584766028,0.0,0.0843826768456,0.0
232,2010-07-23,-1092.43622385,21.4667265738,1.82282312966,0.0,0.0,0.0,0.0,593.733078648,9.38460260776,0.2787193029,0.0,-276.287727639,0.0,2.35381502108,0.0
233,2010-07-30,-908.364189215,34.0633539895,2.15909618747,0.0,0.0,0.0,0.0,521.549713801,19.3625892163,0.954878605438,0.0,-265.90100607,0.0,0.87921034611,0.0
234,2010-08-06,-1013.35280658,0.973662431235,-0.159931639832,0.0,0.0,0.0,0.0,560.773719127,14.3873391416,-1.55943006111,0.0,-229.664784707,0.0,1.59457810068,0.0
235,2010-08-13,-954.75762568,13.4791073836,0.962321296274,0.0,0.0,0.0,0.0,563.015839788,21.0731979625,-0.297019434563,0.0,-187.671463542,0.0,-0.959311201414,0.0
236,2010-08-20,-825.265072534,14.2407169158,-0.0858729454437,0.0,0.0,0.0,0.0,585.258997775,10.9738316323,-0.339778666878,0.0,-161.198794414,0.0,-0.0103052717731,0.0
237,2010-08-27,-788.785791518,22.586199992,2.10509110376,0.0,0.0,0.0,0.0,560.066763871,0.0,1.46669639496,0.0,-201.109224434,0.0,-0.523447264856,0.0
238,2010-09-03,-914.994326871,4.63716639534,0.790668358785,0.0,0.0,0.0,0.0,594.956293085,20.6808329188,0.759449966665,0.0,-181.501181531,0.0,1.5525093437,0.0
239,2010-09-10,-871.052735435,0.0,-0.628452893575,0.0,0.0,0.0,0.0,666.950076303,6.39488409273,-1.79170408126,0.0,-110.755614043,0.0,0.986495074585,0.0
240,2010-09-17,-894.262782683,4.34351541476,1.42022708814,0.0,0.0,0.0,0.0,530.403700589,4.01831604523,1.23715314679,0.0,-204.940402337,1.60321200039,-0.578179357624,0.0
241,2010-09-24,-924.502905607,4.13590911471,1.00149042969,0.0,0.0,0.0,0.0,618.313698764,6.62058222179,0.365697018733,0.0,-216.352065355,0.0,0.742044700539,0.0
242,2010-10-01,-728.221690282,34.1685649203,0.875869596203,0.0,0.0,0.0,0.0,568.293786558,41.3861604679,-0.593616535383,0.0,-204.291442913,0.0,0.918208269633,0.0
243,2010-10-08,-715.672426483,9.84893624479,-0.506634223605,0.0,0.0,0.0,0.0,498.771191684,23.7594357134,-0.628938498086,0.0,-264.916005632,0.571579930574,0.403805004118,0.0
244,2010-10-15,-832.732637987,11.7664526187,0.0917792102401,0.0,0.0,0.0,0.0,467.108782074,18.0701120347,-0.409122317896,0.0,-320.42770908,0.0,-0.43890596085,0.0
245,2010-10-22,-998.977634117,7.92450862833,0.318237699904,0.0,0.0,0.0,0.0,492.291377351,8.58477464967,0.341840950582,0.0,-309.730102745,0.0,0.0203915492673,0.0
246,2010-10-29,-951.925731186,11.1731843575,2.04673305545,0.0,0.0,0.0,0.0,461.76829869,30.3418382425,1.38887492541,0.0,-326.075058204,0.0,0.0992162992061,0.0
247,2010-11-05,-940.172566602,1.35550805485,-2.79214170005,0.0,0.0,0.0,0.0,548.565143486,18.698130187,-3.76887802369,0.0,-257.467900908,0.0,1.93246997642,0.0
248,2010-11-12,-1004.98381214,28.9742223679,0.37925863766,0.0,0.0,0.0,0.0,327.016664963,35.8859012371,0.000720505389758,0.0,-424.572221215,0.0,-3.01386005575,0.0
249,2010-11-19,-1118.86432321,8.11197709559,0.405221134347,0.0,0.0,0.0,0.0,365.794651641,26.2051694839,0.0631770320229,0.0,-378.989000572,0.0,-0.163293674104,0.0
250,2010-11-26,-1024.41493028,0.0,0.432013434301,0.0,0.0,0.0,0.0,409.981455382,36.8667012833,-0.0135813232292,0.0,-305.787455912,0.0,-0.13318867483,0.0
251,2010-12-03,-1055.07235777,11.5458962437,-1.63945581043,0.0,0.0,0.0,0.0,423.579984708,12.5732732988,-1.89670500885,0.0,-362.244357391,0.0,0.260770959523,0.0
252,2010-12-10,-1096.10730906,27.6876148762,-2.51982135808,0.0,0.0,0.0,0.0,335.242355717,20.155343624,-3.46383044582,0.0,-574.94388758,0.0,-2.16881466581,0.0
253,2010-12-17,-1188.31526766,28.2638452148,3.88050988166,0.0,0.0,0.0,0.0,319.153497828,59.8835597449,-0.776435661552,0.0,-559.287636956,20.9273230466,-0.779149642035,0.0
254,2010-12-31,-926.664605746,20.3206792795,0.188918851952,0.0,0.0,0.0,0.0,281.25114765,31.2160921459,0.452569180142,0.0,-466.277312305,0.0,1.48983398713,0.0
255,2011-01-07,-961.44437947,16.8233547749,0.14875713967,0.0,0.0,0.0,0.0,344.915344384,29.0754365748,-0.223514374765,0.0,-463.120268921,0.0,0.366750216153,0.0
256,2011-01-14,-1018.51139518,35.9641921739,-0.0460702692893,0.0,0.0,0.0,0.0,339.458583548,8.76942140883,-0.357064085898,0.0,-535.068178084,0.0,-0.108969136407,0.0
257,2011-01-21,-1049.53440986,11.7671030513,0.36072111252,0.0,0.0,0.0,0.0,362.600836969,22.1707773128,1.03663106681,0.0,-526.766248373,0.0,-0.224205988427,0.0
258,2011-01-28,-1055.03718158,20.5685354148,1.12695645952,0.0,0.0,0.0,0.0,386.790214974,30.8047113088,0.912461271504,0.0,-508.115656317,0.0,0.395560012424,0.0
259,2011-02-04,-1037.98736127,13.4883967925,0.114786494543,0.0,0.0,0.0,0.0,413.864815258,19.8707206129,-0.411192978458,0.0,-489.121962316,0.0,0.975668332821,0.0
260,2011-02-11,-1032.49781839,10.0610851599,0.473412085872,0.0,0.0,0.0,0.0,420.041595302,21.3685670011,1.3114687754,0.0,-470.646649227,0.0,0.233686499795,0.0
261,2011-02-18,-1044.43868882,22.2120923294,-0.764675599406,0.0,0.0,0.0,0.0,492.895972325,3.29462153035,-0.466319101982,0.0,-489.341724482,0.0,0.316214830247,0.0
262,2011-02-25,-1070.47836356,13.7704655538,0.75603262702,0.0,0.0,0.0,0.0,493.925454694,4.2410896338,0.460271339273,0.0,-510.111817221,0.0,-0.448251675583,0.0
263,2011-03-04,-1056.32787155,13.5928709293,-0.972382408142,0.0,0.0,0.0,0.0,480.842122212,16.8263424845,-0.686381605503,0.0,-503.713462486,0.770873614639,0.459338360441,0.0
264,2011-03-11,-1076.07130844,3.79606938638,-1.37053537621,0.0,0.0,0.0,0.0,601.898136848,10.007322431,-1.64928925125,0.0,-455.654042032,0.0,-0.663900084315,0.0
265,2011-03-18,-1108.93710958,18.4585035931,1.90268671161,0.0,0.0,0.0,0.0,543.213733626,0.0,1.53809530328,0.0,-497.763400874,0.0,-1.24497747497,0.0
266,2011-03-25,-1020.28409357,31.1752847968,0.851548654799,0.0,0.0,0.0,0.0,610.324606476,5.70915912242,-0.92451350293,0.0,-431.399451542,0.770873614639,1.58505276354,0.0
267,2011-04-01,-1074.38545971,33.0537122825,0.212581222729,0.0,0.0,0.0,0.0,319.56494375,12.5875226182,0.281268914518,0.0,-528.38994952,0.65788641338,0.271345044556,0.0
268,2011-04-08,-1073.7880252,15.6545939469,-0.465914851526,0.0,0.0,0.0,0.0,324.773957206,7.49313129631,-0.609424545836,0.0,-540.684075353,0.0,0.099240119519,0.0
269,2011-04-15,-1097.64115433,12.6230941789,2.32408510214,0.0,0.0,0.0,0.0,265.565397813,10.77328226,2.21769793717,0.0,-568.550499108,0.0,-0.424767623399,0.0
270,2011-04-29,-1066.50652608,16.8360188767,-0.526326351392,0.0,0.0,0.0,0.0,370.215699869,21.3388799014,-0.225241290832,0.0,-560.262015916,0.0,1.66665756128,0.0
271,2011-05-06,-1102.34977702,7.26403383752,0.607281988039,0.0,0.0,0.0,0.0,456.423573055,20.31869151,0.454762315789,0.0,-513.735782695,0.0,-0.160168786904,0.0
272,2011-05-13,-1038.10586431,6.82142668288,0.198278279482,0.0,0.0,0.0,0.0,585.5078222,6.53919377535,-0.410562168254,0.0,-415.627079617,0.0,0.652983621521,0.0
273,2011-05-20,-975.837197785,23.4118229706,0.599338702154,0.0,0.0,0.0,0.0,537.945295226,11.0556056015,0.852855468017,0.0,-410.395617464,0.0,-0.099804777039,0.0
274,2011-05-27,-931.555220931,13.1758505482,-0.048569326714,0.0,0.0,0.0,0.0,592.994519931,20.7191652278,-1.38851505888,0.0,-376.393390772,0.0,0.50932052193,0.0
275,2011-06-03,-905.855709903,38.05453104,-1.02582245287,0.0,0.0,0.0,0.0,467.731731427,13.9152916128,-2.07586615141,0.0,-386.073556762,0.0,-0.429478405118,0.0
276,2011-06-10,-894.606248039,5.3785128412,-1.49544244268,0.0,0.0,0.0,0.0,422.680791181,13.5251348604,-1.58515122111,0.0,-404.586733467,0.0,-1.46409386256,0.0
277,2011-06-17,-959.481933612,27.5046155005,1.1212170282,0.0,0.0,0.0,0.0,368.12257623,28.819101209,0.897283240281,0.0,-465.386571526,0.0,-1.6747768767,0.0
278,2011-06-24,-854.000933539,11.0229435209,2.65764996924,0.0,0.0,0.0,0.0,618.561756792,20.8315250412,0.906118804969,0.0,-351.980617654,0.0,0.952911156914,0.0
279,2011-07-01,-852.556538501,5.78293346184,0.0790886708066,0.0,0.0,0.0,0.0,500.503446673,40.7404538765,0.172235931212,0.0,-329.439056158,0.0,2.26829211332,0.0
280,2011-07-08,-868.468499705,3.29392184737,-1.3880455486,0.0,0.0,0.0,0.0,629.454146698,26.9677524165,-1.53379699721,0.0,-336.64129184,0.0,0.130467222075,0.0
281,2011-07-15,-908.59103574,9.11561349799,1.00590929381,0.0,0.0,0.0,0.0,559.063972526,11.4208130341,0.404268039679,0.0,-376.534945183,0.0,-1.13023990368,0.0
282,2011-07-22,-925.466686181,9.62277267572,-3.43483584348,0.0,0.0,0.0,0.0,512.249639359,28.3197934857,-4.48673016668,0.0,-399.839910977,0.0,0.563288094393,0.0
283,2011-07-29,-1122.76128374,2.33142690612,-5.33074483362,0.0,0.0,0.0,0.0,181.017764332,10.3948491195,-3.67386633244,0.0,-675.764975152,0.0,-3.87002278969,0.0
284,2011-08-05,-1249.66350566,18.7960980252,-0.170949685643,0.0,0.0,0.0,0.0,279.924485722,29.0773370367,-1.52948931182,0.0,-735.79330054,0.0,-4.19232564033,0.0
285,2011-08-12,-1136.79690564,7.16551994581,-2.59095321284,0.0,0.0,0.0,0.0,429.513257134,29.1579192909,-2.67124769752,0.0,-597.449829921,0.0,-0.786024295619,0.0
286,2011-08-19,-1165.02937378,20.7908003833,2.44766635544,0.0,0.0,0.0,0.0,390.417222667,14.5894493372,2.12923066618,0.0,-656.179866213,0.0,-2.16566944345,0.0
287,2011-08-26,-1014.51591318,5.85504579482,0.892911340245,0.0,0.0,0.0,0.0,550.014616112,30.0060183991,0.16795822795,0.0,-512.10164262,0.0,2.04955412324,0.0
288,2011-09-02,-1044.20942094,5.74343148601,-0.731821228163,0.0,0.0,0.0,0.0,404.053300051,27.0905219881,-1.28737771604,0.0,-529.923116804,0.0,0.883981335259,0.0
289,2011-09-09,-1045.13652107,5.75772569835,1.14477893311,0.0,0.0,0.0,0.0,465.606992075,14.9618546774,-1.46408532971,0.0,-497.863330003,0.0,-0.989681372805,0.0
290,2011-09-16,-1045.34593672,16.7607544528,-4.24085146116,0.0,0.0,0.0,0.0,330.124484135,23.6113930045,-5.64878446612,0.0,-526.467419481,0.0,0.281980458238,0.0
291,2011-09-23,-1148.18950556,35.4492079318,-1.00807164547,0.0,0.0,0.0,0.0,302.667487116,13.383585878,-1.8720933795,0.0,-605.619807539,0.0,-4.22499881381,0.0
292,2011-09-30,-1219.87117493,12.1073419217,0.167310717711,0.0,0.0,0.0,0.0,330.718540922,29.9697552928,-0.963977949752,0.0,-654.202422169,7.8403901335,-1.0897504451,0.0
293,2011-10-07,-1288.16219123,11.1021474396,3.87482502395,0.0,0.0,0.0,0.0,309.22774173,25.5291990214,3.50393571042,0.0,-744.750980049,0.0,-0.757398995611,0.0
294,2011-10-14,-1256.00418494,8.12844553539,0.853640351676,0.0,0.0,0.0,0.0,461.893884332,25.5425189492,1.08483221195,0.0,-667.472619256,0.0,3.4769114373,0.0
295,2011-10-21,-1239.54374101,11.1927247289,2.91291920832,0.0,0.0,0.0,0.0,457.227732692,13.4255084661,3.13776140575,0.0,-641.598792957,0.0,0.955041966504,0.0
296,2011-10-28,-1240.67136483,9.17392936074,-1.48512761803,0.0,0.0,0.0,0.0,484.221748401,9.8754348558,-1.07523119315,0.0,-641.338793765,0.0,2.61652895263,0.0
297,2011-11-04,-1281.43447255,18.9392463271,-0.517385185573,0.0,0.0,0.0,0.0,417.818942336,17.6277263221,-1.47713749259,0.0,-674.589457235,0.0,-1.20203112197,0.0
298,2011-11-11,-1328.72759519,9.92415380552,-1.43799731025,0.0,0.0,0.0,0.0,429.927680537,4.71648674143,-3.47034219804,0.0,-695.345879754,0.0,-0.482926307216,0.0
299,2011-11-18,-1311.08355245,7.61351595306,-2.76223699669,0.0,0.0,0.0,0.0,238.059527592,31.9881368499,-1.50114109894,0.0,-727.764949954,0.0,-1.75049493794,0.0
300,2011-11-25,-1233.32307337,12.9275518449,3.11405682791,0.0,0.0,0.0,0.0,346.784643651,14.3119620926,2.83243665065,0.0,-682.615079953,0.0,-2.13594810036,0.0
301,2011-12-02,-1297.46620673,8.62380169267,0.177797617518,0.0,0.0,0.0,0.0,342.560198683,8.96231508476,0.106482579191,0.0,-654.178442969,0.0,3.13353932769,0.0
302,2011-12-09,-1331.62016404,9.84981835886,-2.29954882621,0.0,0.0,0.0,0.0,590.740006992,24.3561356485,-2.51668260675,0.0,-654.649001091,0.0,0.219122324261,0.0
303,2011-12-16,-1376.07707626,7.65296161805,1.94239397383,0.0,0.0,0.0,0.0,256.421969897,36.1763929232,3.39308492057,0.0,-700.524848109,0.0,-2.0220155791,0.0
304,2011-12-23,-1296.35665948,9.03557521455,0.00218623328196,0.0,0.0,0.0,0.0,478.842301214,7.97801613332,-2.10874147063,0.0,-564.092495049,0.0,2.16354618244,0.0
305,2011-12-30,-1322.32425658,4.17758535566,2.09143225099,0.0,0.0,0.0,0.0,483.394644306,13.6146425029,1.85763513465,0.0,-609.818898915,6.85213614408,-0.60871185266,0.0
306,2012-01-06,-1220.14809996,1.30113658107,0.437211788459,0.0,0.0,0.0,0.0,542.934356203,12.0303373725,1.01962870033,0.0,-509.174124137,0.0,1.82651046983,0.0
307,2012-01-13,-1206.64995698,4.33953088175,1.39114324089,0.0,0.0,0.0,0.0,515.786934838,8.66650314774,1.10227281005,0.0,-519.852098701,0.0,0.465587919694,0.0
308,2012-01-20,-1186.41673899,3.50930153579,2.06747904344,0.0,0.0,0.0,0.0,525.368714626,4.42949717004,1.83506098212,0.0,-477.157299584,0.0,1.27112703765,0.0
309,2012-01-27,-1092.70023568,4.33953088175,1.63399997888,0.0,0.0,0.0,0.0,503.082219198,8.96645584821,0.463706724821,0.0,-382.392131901,0.0,2.09161142137,0.0
310,2012-02-03,-997.662138983,1.94705855083,0.302130673154,0.0,0.0,0.0,0.0,488.924783418,17.0026718484,0.293451935638,0.0,-410.578250396,0.0,0.784843166886,0.0
311,2012-02-10,-989.935061765,2.73424149211,0.395625384769,0.0,0.0,0.0,0.0,507.632289614,17.7359316838,-0.407462852376,0.0,-378.512624655,0.0,0.332285285582,0.0
312,2012-02-17,-959.305256097,10.1097216233,0.977437104205,0.0,0.0,0.0,0.0,599.836108447,14.3840990323,0.907909441015,0.0,-363.400107338,0.0,0.206585701801,0.0
313,2012-02-24,-976.213022234,23.8248551191,0.311067250371,0.0,0.0,0.0,0.0,568.793854244,11.0097773396,-0.0500425636372,0.0,-339.517729434,0.0,0.914908768686,0.0
314,2012-03-02,-969.426213996,5.33666401726,-0.418654576499,0.0,0.0,0.0,0.0,512.035134499,19.6063053878,-0.733366058141,0.0,-355.382858427,0.0,0.156439709014,0.0
315,2012-03-09,-1003.65974435,1.3051322406,-0.50398811734,0.0,0.0,0.0,0.0,567.575326638,8.88809883566,-2.01455181696,0.0,-374.439035958,0.0,-0.443888064715,0.0
316,2012-03-16,-1085.70646435,9.65937976614,-0.357170377749,0.0,0.0,0.0,0.0,355.971702954,27.1241111355,-1.02020678862,0.0,-499.550055541,0.0,-1.33228819907,0.0
317,2012-03-23,-1086.31198468,7.38540893283,-0.128320036511,0.0,0.0,0.0,0.0,355.005555144,20.5169987408,-0.00568904861899,0.0,-473.669075523,0.0,-0.0341986731264,0.0
318,2012-03-30,-1096.37958657,4.33746238912,-1.14944523698,0.0,0.0,0.0,0.0,396.954719129,18.4537842452,-2.72307200276,0.0,-471.106793196,0.338468867132,0.322898579334,0.0
319,2012-04-13,-1087.660462,6.69001613474,0.662218398493,0.0,0.0,0.0,0.0,287.965018768,11.2610813833,0.572027036431,0.0,-496.373870203,0.0,-1.32847816977,0.0
320,2012-04-20,-1089.95407941,6.01718063418,1.35600577074,0.0,0.0,0.0,0.0,320.934759001,1.837774622,0.985551249335,0.0,-473.456519286,0.0,0.635362056302,0.0
321,2012-04-27,-1057.86970216,1.07651210079,-0.75003889773,0.0,0.0,0.0,0.0,421.252162827,14.5706219834,-1.31324393594,0.0,-437.848466235,0.0,1.20111698491,0.0
322,2012-05-04,-1066.28377529,5.78107326882,-0.632055927064,0.0,0.0,0.0,0.0,496.582376219,15.7320721938,-0.397279653892,0.0,-458.966416367,0.0,-0.761353619257,0.0
323,2012-05-11,-1061.17612516,3.43945304308,-4.25046913231,0.0,0.0,0.0,0.0,561.762398149,2.21305703652,-5.185892492,0.0,-420.78324203,0.0,-0.408172264247,0.0
324,2012-05-18,-1218.51742094,3.59849286652,0.645502966007,0.0,0.0,0.0,0.0,395.521654668,5.37081476403,3.05223308378,0.0,-595.184841609,0.0,-4.2526833118,0.0
325,2012-05-25,-1148.62228225,6.14352315803,-1.28353608266,0.0,0.0,0.0,0.0,644.430570939,16.6146410231,-2.13286161638,0.0,-425.948653019,0.0,1.82408931149,0.0
326,2012-06-01,-1155.70115144,9.06265049691,1.89764136382,0.0,0.0,0.0,0.0,580.532493864,5.44232205741,1.28352442317,0.0,-445.862280779,0.0,-1.32544098302,0.0
327,2012-06-08,-1135.71971825,4.79668121516,0.048169675829,0.0,0.0,0.0,0.0,514.548777059,29.2381220129,-1.53303613301,0.0,-448.673076682,0.0,1.21461365403,0.0
328,2012-06-15,-1240.73944765,4.0284678394,0.18766847501,0.0,0.0,0.0,0.0,398.398761363,9.3896713615,1.31853030891,0.0,-507.350164847,0.0,-0.265178997165,0.0
329,2012-06-22,-1185.84083076,0.0,1.4744892785,0.0,0.0,0.0,0.0,490.591894612,19.6688317629,1.01489212521,0.0,-429.301625904,0.0,0.769569074264,0.0
330,2012-06-29,-1133.29130308,15.1559433844,0.202862486146,0.0,0.0,0.0,0.0,619.588158292,21.7500755211,0.472278520697,0.0,-383.96388414,1.49754776553,1.41264255318,0.0
331,2012-07-06,-1173.7792552,5.57027986164,0.84594209045,0.0,0.0,0.0,0.0,646.207511644,16.4503022495,-0.49798122655,0.0,-369.852366749,0.0,0.385010506867,0.0
332,2012-07-13,-1115.8337391,3.54123323447,0.64889036073,0.0,0.0,0.0,0.0,547.042253521,20.9955384481,1.21561766509,0.0,-340.110693739,0.0,0.587631863263,0.0
333,2012-07-20,-1036.57411725,9.36797931415,0.797167962899,0.0,0.0,0.0,0.0,604.909139261,2.12747096889,0.0150297536708,0.0,-309.110581423,0.0,0.738512169359,0.0
334,2012-07-27,-984.488489523,11.0532384398,0.851395119297,0.0,0.0,0.0,0.0,557.728107777,6.82354999563,0.80907406165,0.0,-269.377768903,0.0,0.841637812254,0.0
335,2012-08-03,-1036.18442109,10.2071709701,1.03324902018,0.0,0.0,0.0,0.0,586.276799562,15.9656965605,0.813681006654,0.0,-285.114000824,0.0,0.522148823236,0.0
336,2012-08-10,-1014.85607009,16.4429675025,0.558447412054,0.0,0.0,0.0,0.0,571.713907941,17.1060242955,-0.00796510350755,0.0,-290.280041432,0.0,0.413271172944,0.0
337,2012-08-17,-916.744410487,9.86542276554,-0.348802783101,0.0,0.0,0.0,0.0,574.564083798,12.9905772573,-0.685773392767,0.0,-243.311202905,0.0,0.260791895515,0.0
338,2012-08-24,-1011.34154027,31.8474013697,0.692660604255,0.0,0.0,0.0,0.0,620.273229338,35.171010561,0.185143571983,0.0,-282.927830677,0.0,-0.390873460097,0.0
339,2012-08-31,-978.296860948,3.29750331892,0.31223045783,0.0,0.0,0.0,0.0,655.828501678,13.3251958092,-0.298796062614,0.0,-253.299097727,0.0,0.497799420903,0.0
340,2012-09-07,-1086.46854835,11.0179535578,1.25619975327,0.0,0.0,0.0,0.0,497.510360217,6.80055254489,0.759518663665,0.0,-344.058604036,0.0,0.0214170731421,0.0
341,2012-09-14,-1100.57833056,8.98028826725,-0.0170900997163,0.0,0.0,0.0,0.0,581.06924055,13.4088544677,-0.137909914733,0.0,-344.981093459,0.0,0.593176618994,0.0
342,2012-09-21,-1081.23318887,3.12765291989,0.151755039784,0.0,0.0,0.0,0.0,633.018890627,12.5135362772,-0.0800192751871,0.0,-303.977986048,0.0,0.315604173959,0.0
343,2012-09-28,-1015.16650722,5.64894537834,1.14796859052,0.0,0.0,0.0,0.0,708.337023657,18.6458454726,0.997731261201,0.0,-289.458518248,0.980626343647,0.051272897986,0.0
344,2012-10-05,-960.878498977,6.00757476819,-0.51915510557,0.0,0.0,0.0,0.0,755.941032514,0.0,-1.80645584017,0.0,-275.580392502,0.0,0.771052325448,0.0
345,2012-10-12,-1002.65110463,0.0,-0.12339798249,0.0,0.0,0.0,0.0,779.984086991,16.8412677364,-0.22663099065,0.0,-325.426383877,0.0,-0.965725691076,0.0
346,2012-10-19,-1018.43865839,14.2914563887,0.0121731607695,0.0,0.0,0.0,0.0,469.394771641,28.5830536059,-1.40916096093,0.0,-369.303252411,0.0,-0.031038024636,0.0
347,2012-10-26,-980.889101775,13.9135988322,0.262234344096,0.0,0.0,0.0,0.0,710.331168004,18.4689848427,-0.0723096375332,0.0,-317.47727587,0.0,-0.144156799524,0.0
348,2012-11-02,-956.108365612,6.27754774943,-1.19025192224,0.0,0.0,0.0,0.0,680.54664815,11.6146951143,-1.45447456942,0.0,-312.519706818,0.0,0.164708018161,0.0
349,2012-11-09,-973.579628563,1.418376845,-2.79012084343,0.0,0.0,0.0,0.0,599.341293793,9.57879543367,-3.59863473617,0.0,-368.241535812,0.0,-1.28484971791,0.0
350,2012-11-16,-1144.77044762,10.781671159,2.27255475021,0.0,0.0,0.0,0.0,336.200181616,35.0116032691,2.13867339906,0.0,-582.095648785,0.0,-3.10572622109,0.0
351,2012-11-23,-1067.31775576,9.15108169339,0.688549743512,0.0,0.0,0.0,0.0,569.193876331,22.9637603158,-0.042437773062,0.0,-431.088906035,0.0,2.74403207897,0.0
352,2012-11-30,-1074.74805219,12.6319671753,-0.384989334188,0.0,0.0,0.0,0.0,531.22895836,5.69548158461,-1.10521140308,0.0,-469.637796859,0.603462365321,0.135282342136,0.0
353,2012-12-07,-1154.05215136,13.7094159604,0.0417340538803,0.0,0.0,0.0,0.0,336.516974856,27.6880931416,-0.547703746696,0.0,-555.420097811,0.0,-0.573269747376,0.0
354,2012-12-14,-1160.73260406,9.98592891834,-0.129993955602,0.0,0.0,0.0,0.0,446.288510733,20.2424646869,0.424930351841,0.0,-544.858374926,0.0,-0.0917649967094,0.0
355,2012-12-21,-1198.88426159,2.15093130749,-0.494695164153,0.0,0.0,0.0,0.0,265.649537819,33.2968889772,-2.66106034619,0.0,-539.494851712,0.0,0.0282798291372,0.0
356,2012-12-28,-1188.05722696,14.1552313753,3.48512017108,0.0,0.0,0.0,0.0,461.166154197,25.0540940667,2.06697729854,0.0,-565.974151695,0.0,-1.04585060448,0.0
357,2013-01-04,-1059.75745007,12.2627473964,1.27898255381,0.0,0.0,0.0,0.0,636.538512882,26.9656921639,1.0227568964,0.0,-362.483382866,3.24326990665,3.20538473786,0.0
358,2013-01-11,-997.681738584,4.66974989897,1.06903935448,0.0,0.0,0.0,0.0,690.903693148,32.6564541028,0.263319135493,0.0,-295.579657422,0.0,1.17507090156,0.0
359,2013-01-18,-917.790983372,25.3128392663,-0.10460256866,0.0,0.0,0.0,0.0,729.101238496,17.8388819452,0.0151666721839,0.0,-270.483900803,0.0,0.631448854285,0.0
360,2013-01-25,-986.404371085,24.4616158383,0.512455029865,0.0,0.0,0.0,0.0,720.351645882,4.38153016515,-0.35101603989,0.0,-269.657429982,0.0,0.295118398423,0.0
361,2013-02-01,-948.725709844,0.0,-0.00268886929767,0.0,0.0,0.0,0.0,754.789467298,16.9882295838,0.530661286403,0.0,-273.222799078,0.357622917463,-0.0712898514314,0.0
362,2013-02-08,-858.977522092,15.2422750727,-0.425216908451,0.0,0.0,0.0,0.0,884.025618704,30.8419350827,-0.596674095527,0.0,-227.49996917,0.0,0.216438761097,0.0
363,2013-02-15,-907.772624372,12.3129589752,-0.654722223655,0.0,0.0,0.0,0.0,842.13858481,23.0222322537,-0.284821509346,0.0,-239.937477649,0.0,-0.318238979301,0.0
364,2013-02-22,-957.173269968,25.9444255856,0.848493419685,0.0,0.0,0.0,0.0,866.353562685,14.1734312589,0.521214043423,0.0,-275.97242604,0.0,-0.543414946676,0.0
365,2013-03-01,-868.444470464,40.1030384638,0.761190931665,0.0,0.0,0.0,0.0,940.049298445,11.8821893566,0.330067553093,0.0,-223.645780666,0.0,0.675159108833,0.0
366,2013-03-08,-870.095006235,4.15652277181,-0.277328899812,0.0,0.0,0.0,0.0,987.084313067,25.0811779196,-3.34240780704,0.0,-210.403250669,0.0,0.669575398461,0.0
367,2013-03-15,-926.183370075,14.3010570347,0.0371827024261,0.0,0.0,0.0,0.0,658.902916298,22.3456634263,1.47429127908,0.0,-357.332379672,0.0,-1.34678090938,0.0
368,2013-03-22,-918.561969195,36.3706156135,0.250768295488,0.0,0.0,0.0,0.0,860.932434185,14.6543898327,-1.38046887895,0.0,-269.999136772,0.0,0.619831296812,0.0
369,2013-04-05,-892.258356778,8.58328167469,0.7740193433,0.0,0.0,0.0,0.0,734.300741889,47.7245044846,0.0997390834383,0.0,-280.562147606,10.3629434606,-0.0444452268935,0.0
370,2013-04-12,-908.896385327,17.6042178634,-1.03142968709,0.0,0.0,0.0,0.0,749.515460254,2.36938751333,-0.167714028539,0.0,-298.60232505,0.0,0.457185022332,0.0
371,2013-04-19,-881.68154378,13.0540219803,1.37861776179,0.0,0.0,0.0,0.0,826.121887123,17.1442873232,1.42205517785,0.0,-272.562484221,0.0,-0.60834801251,0.0
372,2013-04-26,-870.242195615,34.9898857362,0.950983715661,0.0,0.0,0.0,0.0,897.258902547,5.57597262704,0.196104113336,0.0,-248.401317609,0.0,1.19784751133,0.0
373,2013-05-03,-874.261747006,9.96899884506,0.354550236736,0.0,0.0,0.0,0.0,864.630808833,10.1612247663,0.585985380719,0.0,-276.643103593,0.0,0.615361045505,0.0
374,2013-05-10,-852.551569778,3.38757485936,0.0632061158471,0.0,0.0,0.0,0.0,875.424067757,25.5264086578,-1.56505614892,0.0,-222.198579002,0.0,0.678487303543,0.0
375,2013-05-17,-837.941865353,11.4707825356,-0.821965473831,0.0,0.0,0.0,0.0,717.699676685,9.2204526404,-1.1044881484,0.0,-235.82260372,0.0,-0.169810177217,0.0
376,2013-05-24,-875.843277879,12.8152371995,-2.13413865218,0.0,0.0,0.0,0.0,632.426303855,37.3609761365,-4.94723715136,0.0,-259.562039408,0.0,-0.898890460729,0.0
377,2013-05-31,-986.876232325,16.5624471861,-0.274267994791,0.0,0.0,0.0,0.0,259.828304507,29.1629844717,-0.317478504591,0.0,-477.195152739,0.0,-3.20820768858,0.0
378,2013-06-07,-978.243093339,14.2094976494,-2.00861284079,0.0,0.0,0.0,0.0,267.139472905,34.350014806,-2.56910846267,0.0,-500.172515358,0.0,-0.591655135292,0.0
379,2013-06-14,-1079.76433387,11.5148260844,-2.69659466599,0.0,0.0,0.0,0.0,217.652348834,24.1391551296,-3.45689729836,0.0,-592.248349984,0.0,-1.85103087555,0.0
380,2013-06-21,-1098.35604813,27.9566671659,1.60693415945,0.0,0.0,0.0,0.0,131.679210243,35.3826605415,2.24282788871,0.0,-629.346485375,0.0,-2.87193117882,0.0
381,2013-06-28,-1000.8002683,8.66828337031,-1.27507858005,0.0,0.0,0.0,0.0,158.432530235,28.7591657937,-2.88411057425,0.0,-494.936133702,1.40179574869,2.10753547669,0.0
382,2013-07-05,-1118.4405794,8.07710947176,1.7073079299,0.0,0.0,0.0,0.0,-63.9578332116,16.5953449536,1.74905613479,0.0,-692.553805996,0.0,-2.10281253424,0.0
383,2013-07-12,-1099.22738594,14.4666419374,0.8516542649,0.0,0.0,0.0,0.0,80.3730738037,16.1047387325,-0.0264413064194,0.0,-643.73034767,0.0,1.7813465416,0.0
384,2013-07-19,-1143.42120587,22.0210682336,0.39398134261,0.0,0.0,0.0,0.0,-27.9799209005,30.3214684109,0.634466468224,0.0,-689.054633781,0.0,0.343912551295,0.0
385,2013-07-26,-1117.46142019,29.4402368886,-0.120329017782,0.0,0.0,0.0,0.0,41.4303116435,5.07562683991,-1.39911697698,0.0,-651.139684113,0.0,0.134840526259,0.0
386,2013-08-02,-1178.25712749,13.7469368239,-0.35663107858,0.0,0.0,0.0,0.0,-72.0311394197,2.83085633404,-0.736193693654,0.0,-706.780703556,0.0,-0.547806313422,0.0
387,2013-08-09,-1209.08092451,32.5267032768,-2.11386765713,0.0,0.0,0.0,0.0,-121.688040872,4.58763424043,-1.82266083944,0.0,-747.231211707,0.0,-0.618010127794,0.0
388,2013-08-16,-1273.7237361,13.2423047496,0.00833855157539,0.0,0.0,0.0,0.0,-210.455023885,29.0664723504,-0.304646160595,0.0,-781.095213351,0.0,-1.67704588504,0.0
389,2013-08-23,-1275.16359036,16.7902938301,-0.209987738302,0.0,0.0,0.0,0.0,-247.448433919,4.15923945336,0.163855683038,0.0,-783.913427028,0.0,-0.228706891008,0.0
390,2013-08-30,-1254.19877805,13.7922690702,0.564893190455,0.0,0.0,0.0,0.0,-171.54563009,3.19032826799,-0.0648366868876,0.0,-738.466121255,0.0,-0.130913231965,0.0
391,2013-09-06,-1221.62021374,19.6552279684,0.164374611591,0.0,0.0,0.0,0.0,-187.237418395,4.21452772498,-0.57093648862,0.0,-761.114669309,0.0,0.0974025513895,0.0
392,2013-09-13,-1276.83371838,5.62762869498,1.34816432638,0.0,0.0,0.0,0.0,-201.999827005,14.185624081,0.12260959018,0.0,-798.03337724,0.0,0.0513369961558,0.0
393,2013-09-20,-1283.71789524,15.9108515583,0.913309830258,0.0,0.0,0.0,0.0,-214.640089627,24.5541966203,0.141256162732,0.0,-807.101303912,0.0,0.804768869879,0.0
394,2013-09-27,-1188.01057095,19.4210558663,-0.317042695223,0.0,0.0,0.0,0.0,-149.537566832,8.34818497327,-1.48794255749,0.0,-738.313011323,0.0,0.493890955048,0.0
395,2013-10-04,-1220.25196767,29.3698167028,0.00398891573159,0.0,0.0,0.0,0.0,-319.6978043,46.362175809,-0.449666056226,0.0,-764.773566198,5.82958034189,-0.404515017866,0.0
396,2013-10-11,-1242.19029342,21.8675824453,1.62957265983,0.0,0.0,0.0,0.0,-160.416709223,10.0091921152,1.0489706274,0.0,-804.935313161,0.0,-0.281717805186,0.0
397,2013-10-18,-1253.62060287,10.4580280745,1.05734217562,0.0,0.0,0.0,0.0,-120.983762226,11.2999715127,0.80607006231,0.0,-786.987253766,0.0,1.4427627504,0.0
398,2013-10-25,-1210.68371408,14.8301619323,0.00845823347987,0.0,0.0,0.0,0.0,-90.9853269847,2.13779030221,0.380311802318,0.0,-733.538244675,0.0,1.09335559119,0.0
399,2013-11-01,-1180.89240128,9.12497963174,-0.813235178725,0.0,0.0,0.0,0.0,-18.1494378669,4.5766590389,-1.6998167784,0.0,-736.192017775,0.0,-0.332561310707,0.0
400,2013-11-08,-1236.07929954,18.5065419631,0.0481576701327,0.0,0.0,0.0,0.0,-134.322497586,9.44104709795,-0.0787546110705,0.0,-803.764738206,0.0,-0.986995457514,0.0
401,2013-11-15,-1225.49409632,18.9113713194,-0.554685495921,0.0,0.0,0.0,0.0,-165.771330693,19.6981051279,-1.19147595266,0.0,-818.281110009,0.0,0.0732653645236,0.0
402,2013-11-22,-1299.55953329,13.6357246614,0.46634049411,0.0,0.0,0.0,0.0,-312.673209601,31.2894762414,0.109584284659,0.0,-892.600852935,0.0,-0.763889866209,0.0
403,2013-11-29,-1296.19179345,9.16961221249,-0.803025251329,0.0,0.0,0.0,0.0,-306.155729216,20.2429149798,-1.13906011061,0.0,-876.688726691,0.0,0.271602222492,0.0
404,2013-12-06,-1323.75759934,19.6488497641,-0.362541272825,0.0,0.0,0.0,0.0,-386.642770692,12.5686621357,-1.09479549367,0.0,-929.619524316,0.0,-0.843549386863,0.0
405,2013-12-13,-1339.30180532,9.05259872015,1.05728265104,0.0,0.0,0.0,0.0,-404.806774164,9.90901720566,1.64711383011,0.0,-934.091218597,0.0,-0.586017518861,0.0
406,2013-12-20,-1302.00779617,17.5696288345,1.75746122769,0.0,0.0,0.0,0.0,-207.971628411,16.0575312777,-0.0744983124689,0.0,-855.867329264,0.0,1.13546219611,0.0
407,2013-12-27,-1181.86845,4.4583405709,-0.169719591038,0.0,0.0,0.0,0.0,-102.947063471,14.1339654113,-0.858480171735,0.0,-728.150183369,0.0,1.07969146358,0.0
408,2014-01-03,-1206.61011702,14.3025199678,1.4317880754,0.0,0.0,0.0,0.0,-66.5017530191,8.31060901182,1.54258390074,0.0,-766.016435936,5.57938417547,-0.288947460945,0.0
409,2014-01-10,-1173.20319879,7.11542094327,-0.170021346201,0.0,0.0,0.0,0.0,-54.546801961,19.8381028389,0.57085778315,0.0,-727.012472248,0.0,1.20419947713,0.0
410,2014-01-17,-1194.26071362,6.61678313029,-0.827850670751,0.0,0.0,0.0,0.0,-77.5027803053,29.6228894955,-1.35463740887,0.0,-731.131103904,0.0,0.119241785679,0.0
411,2014-01-24,-1163.00914332,8.09504396948,-0.96451434468,0.0,0.0,0.0,0.0,-182.287615591,39.3224440411,-1.13934070398,0.0,-710.801804001,0.0,-0.591570180003,0.0
412,2014-01-31,-1229.78690833,7.47045496295,0.87309883882,0.0,0.0,0.0,0.0,-10.038283977,23.3081860151,0.781924992052,0.0,-774.695168021,0.0,-0.916321809518,0.0
413,2014-02-07,-1194.45345294,17.7678109367,1.04367921887,0.0,0.0,0.0,0.0,42.9302714986,11.3622772396,1.22087347591,0.0,-741.223977403,0.0,0.866387422111,0.0
414,2014-02-14,-1210.36108665,14.8363931983,0.25965515102,0.0,0.0,0.0,0.0,78.3203596097,11.4022585243,0.103889027556,0.0,-722.266741058,0.0,0.858018057073,0.0
415,2014-02-21,-1202.2456949,13.5714742974,1.45532431944,0.0,0.0,0.0,0.0,96.1700036851,6.63309175777,0.0610371676107,0.0,-709.233997048,0.0,0.30140147107,0.0
416,2014-02-28,-1180.18655994,6.58446840101,0.101861833773,0.0,0.0,0.0,0.0,49.5860459403,0.0,-0.380755978944,0.0,-694.925782567,0.0,0.872771836981,0.0
417,2014-03-07,-1159.01215897,11.4330651503,-1.05101146086,0.0,0.0,0.0,0.0,-12.7070487245,16.0802804981,-0.137621923349,0.0,-734.231497948,0.0,-0.381889641945,0.0
418,2014-03-14,-1147.26594863,19.3741635332,0.231676091788,0.0,0.0,0.0,0.0,75.7468718857,16.3879968996,-0.232810832286,0.0,-708.581209099,0.0,-0.570770226143,0.0
419,2014-03-21,-1172.73478588,4.98599822417,0.616371321606,0.0,0.0,0.0,0.0,16.1989056968,6.65164681901,0.508632909754,0.0,-727.163464333,0.0,-0.063560868703,0.0
420,2014-03-28,-1168.11282653,12.5073285128,0.469124738168,0.0,0.0,0.0,0.0,94.6154738429,8.00371186637,-0.478760116587,0.0,-714.088642466,0.0,0.450016956842,0.0
421,2014-04-04,-1159.04220095,13.5452411053,-0.220719987008,0.0,0.0,0.0,0.0,73.6307223978,16.0402763142,-0.156535188943,0.0,-732.454251381,2.02029638799,0.0882638518287,0.0
422,2014-04-11,-1100.37527077,13.6408875359,1.5247449847,0.0,0.0,0.0,0.0,161.653971708,1.69266110507,1.54643398052,0.0,-697.361119221,0.0,-0.218153210671,0.0
423,2014-04-25,-1046.27042319,13.509612609,0.687901894267,0.0,0.0,0.0,0.0,244.915971467,0.0,0.940385934681,0.0,-634.718501477,0.0,1.23353578426,0.0
424,2014-05-02,-1049.51741206,11.6669612869,0.186932495457,0.0,0.0,0.0,0.0,255.593035909,0.0,0.235243568825,0.0,-645.693875419,0.615127493878,0.522975040822,0.0
425,2014-05-09,-1061.75408169,11.1835416542,0.0466570352245,0.0,0.0,0.0,0.0,272.426515804,8.11708276965,0.267172876995,0.0,-628.738988638,0.0,0.252361733685,0.0
426,2014-05-16,-1062.29054891,6.30859029538,0.466429158936,0.0,0.0,0.0,0.0,288.942882585,1.78094390027,0.584818104563,0.0,-626.321885772,0.0,0.161205159986,0.0
427,2014-05-23,-1045.71258833,11.0687261585,0.699091776603,0.0,0.0,0.0,0.0,309.085358097,0.0,0.181934050754,0.0,-616.616914845,0.0,0.249890783445,0.0
428,2014-05-30,-1029.82469292,13.1480306787,-0.336598567574,0.0,0.0,0.0,0.0,289.842191642,13.7608887767,-0.204262352787,0.0,-609.05920312,0.0,0.593549878605,0.0
429,2014-06-06,-1088.48990442,9.61484078955,0.212385059207,0.0,0.0,0.0,0.0,270.667448833,2.08577760396,-0.645011921916,0.0,-673.232088764,0.0,-0.377463647525,0.0
430,2014-06-13,-1022.13351851,31.7034624779,0.470181034486,0.0,0.0,0.0,0.0,254.898970147,0.0,-0.19778560032,0.0,-640.733394459,0.0,0.0565570570851,0.0
431,2014-06-20,-1050.34591683,15.8976749003,0.407851203674,0.0,0.0,0.0,0.0,177.372271674,12.9252530179,0.389895708128,0.0,-659.67537517,0.0,0.129314903028,0.0
432,2014-06-27,-1027.52149992,5.60867475028,-0.147963006523,0.0,0.0,0.0,0.0,251.838462572,6.7195269453,-0.326431792733,0.0,-626.593586425,0.0,0.525553930286,0.0
433,2014-07-11,-1023.34133284,12.7376776814,-0.262962196899,0.0,0.0,0.0,0.0,210.36151055,9.94489987905,-0.0993686328415,0.0,-642.103347974,0.0811208584905,-0.35092211697,0.0
434,2014-07-18,-1047.03680019,15.5223533515,0.422300668765,0.0,0.0,0.0,0.0,163.898497664,11.4884484282,-0.123250845755,0.0,-658.835336246,0.0,-0.256561857465,0.0
435,2014-07-25,-1034.95006433,17.4621653085,-2.35295764323,0.0,0.0,0.0,0.0,126.540534068,16.7644593462,-3.21946847166,0.0,-642.284131601,0.0,0.245576020206,0.0
436,2014-08-01,-1142.92963829,14.3962569732,0.0822263242859,0.0,0.0,0.0,0.0,-4.31431958899,22.3949413779,0.145844949424,0.0,-749.032604801,0.26583141665,-2.55268293129,0.0
437,2014-08-08,-1182.214665,22.0750551876,0.759619406479,0.0,0.0,0.0,0.0,50.072570891,11.6919768848,1.71752492623,0.0,-760.24595185,0.0,-0.225343623712,0.0
438,2014-08-15,-1160.25714456,0.0,0.61346938877,0.0,0.0,0.0,0.0,152.494334089,6.2658312225,0.429237121563,0.0,-724.092809218,0.0,1.11307949934,0.0
439,2014-08-22,-1155.33509867,3.65676817351,0.673286937543,0.0,0.0,0.0,0.0,173.440831197,2.83362569154,0.793955750085,0.0,-734.398932051,1.29448342021,0.272459049171,0.0
440,2014-08-29,-1133.98337198,13.9132402013,-0.339732129678,0.0,0.0,0.0,0.0,191.35021097,10.7403145378,-0.0074999900054,0.0,-709.67892188,0.0,0.738449554406,0.0
441,2014-09-05,-1129.33436074,16.1223401102,-1.64456166751,0.0,0.0,0.0,0.0,208.439380361,2.17641787223,-1.85159692809,0.0,-713.571965188,0.0,-0.277196346642,0.0
442,2014-09-12,-1170.06263632,14.8761254963,0.105489290418,0.0,0.0,0.0,0.0,162.752453111,9.93665383182,0.216357701157,0.0,-747.116884918,0.0,-1.50536083974,0.0
443,2014-09-19,-1208.04583068,13.5987500723,-1.02647793789,0.0,0.0,0.0,0.0,179.485742747,7.22201469306,-2.29543416914,0.0,-763.515909432,0.0,-0.0855276860688,0.0
444,2014-09-26,-1219.55964923,13.5007255063,-0.472331511988,0.0,0.0,0.0,0.0,25.3607009963,14.8841675669,-0.720114355388,0.0,-806.460974792,0.0,-1.34848733592,0.0
445,2014-10-03,-1223.40507819,16.4788969228,-1.51313313257,0.0,0.0,0.0,0.0,32.8742757041,7.54615280959,-2.66158099377,0.0,-816.038440696,0.253657861664,-0.203247543716,0.0
446,2014-10-10,-1223.54959218,5.23006039475,0.00866420607303,0.0,0.0,0.0,0.0,-4.12157364011,21.7298679165,-0.487506608528,0.0,-827.176557402,0.0,-1.40201273609,0.0
447,2014-10-17,-1214.47335292,9.89149331575,1.91428402366,0.0,0.0,0.0,0.0,-31.4974708858,27.1732737325,1.91396870027,0.0,-821.125664411,0.0,-0.313789456432,0.0
448,2014-10-24,-1135.36757301,8.05639476334,0.608239239,0.0,0.0,0.0,0.0,64.1142711389,10.8404540237,0.908328388007,0.0,-761.222400295,0.0,1.81799162767,0.0
449,2014-10-31,-1152.22073089,10.0664999085,-0.12265264643,0.0,0.0,0.0,0.0,78.6481316159,0.0,0.330380906727,0.0,-786.016072685,0.0,0.39482106815,0.0
450,2014-11-07,-1175.11184336,6.40010138774,-0.408101844785,0.0,0.0,0.0,0.0,196.351870289,22.7563646707,-0.423829475566,0.0,-777.494090925,0.0,-0.0333379713862,0.0
451,2014-11-14,-1220.26743909,7.45972541862,-0.0376255836805,0.0,0.0,0.0,0.0,175.951615159,17.3402321354,0.729382551669,0.0,-799.941312795,0.0,-0.5797763772,0.0
452,2014-11-21,-1206.97612564,23.874358812,0.333688040733,0.0,0.0,0.0,0.0,217.551391414,0.0,0.83447896158,0.0,-803.802216047,0.0,0.00870624072409,0.0
453,2014-11-28,-1160.03435688,8.66079736597,-0.661300241016,0.0,0.0,0.0,0.0,232.972741719,18.9463390784,-1.49091970478,0.0,-737.346508169,0.0,0.612129905107,0.0
454,2014-12-05,-1180.02323975,19.0942779976,-2.97101336021,0.0,0.0,0.0,0.0,218.729169489,22.8966264734,-3.21297459142,0.0,-799.174458959,0.0,-1.29601950198,0.0
455,2014-12-12,-1247.24957851,19.5918841928,1.25735709595,0.0,0.0,0.0,0.0,138.466357599,17.0404711189,1.56184624553,0.0,-848.97625993,0.0,-2.92684123438,0.0
456,2014-12-19,-1195.7959133,7.14241351469,0.64279297578,0.0,0.0,0.0,0.0,259.383786625,12.3505452634,-1.06768695733,0.0,-823.409589686,0.344704760373,1.10244492155,0.0
457,2014-12-26,-1214.36767779,15.6418212906,-0.216670750004,0.0,0.0,0.0,0.0,319.340838394,5.03629091986,-2.54190129915,0.0,-836.740586688,0.0,-0.141040210687,0.0
458,2015-01-02,-1288.00593893,31.1148408753,0.558773955332,0.0,0.0,0.0,0.0,62.1797687015,23.1298492168,0.0190320742707,0.0,-870.303119643,3.59244821524,-0.49669324563,0.0
459,2015-01-09,-1214.81150239,9.12986771008,-0.189539532716,0.0,0.0,0.0,0.0,88.4942695297,21.472796733,-0.559121223467,0.0,-827.584870224,0.0,0.237063396492,0.0
460,2015-01-16,-1218.81096524,15.849261955,0.948036448873,0.0,0.0,0.0,0.0,133.406298545,6.35503459963,1.5899705096,0.0,-831.701990588,0.0,-0.379500082001,0.0
461,2015-01-23,-1192.13916282,15.7230535825,-0.578605023431,0.0,0.0,0.0,0.0,255.707338006,5.14947790016,-0.409721301279,0.0,-792.525305467,0.0,0.933748038426,0.0
462,2015-01-30,-1235.66977756,21.1914953337,0.885072468442,0.0,0.0,0.0,0.0,233.720717184,16.7517340662,0.342260357207,0.0,-804.6450683,0.0,-0.620230506038,0.0
463,2015-02-06,-1234.79280946,22.4043354702,0.516889829882,0.0,0.0,0.0,0.0,257.500388138,9.936345288,0.507895927281,0.0,-810.056343565,0.0,0.805259832758,0.0
464,2015-02-13,-1214.31135609,5.93597625609,-0.0234468551188,0.0,0.0,0.0,0.0,265.311287067,0.0,-0.19093629939,0.0,-785.16242452,0.0,0.480822166482,0.0
465,2015-02-20,-1226.39710402,23.2224574824,1.26778336885,0.0,0.0,0.0,0.0,244.528799876,0.0,0.312207856013,0.0,-813.420469311,0.0,-0.152852102831,0.0
466,2015-02-27,-1200.96297292,23.5199247362,-0.717818561784,0.0,0.0,0.0,0.0,178.295091086,16.4094006397,-0.525860885599,0.0,-765.726296939,0.0,1.02919772278,0.0
467,2015-03-06,-1219.49287477,8.5184300613,-1.2689119844,0.0,0.0,0.0,0.0,184.301244457,6.86597053354,-1.14037212062,0.0,-747.843657527,0.0,-0.528677376311,0.0
468,2015-03-13,-1231.05564979,1.53460948227,1.09735511341,0.0,0.0,0.0,0.0,191.955371192,0.0,-0.81825509291,0.0,-762.695428091,0.0,-1.09382645005,0.0
469,2015-03-20,-1256.49512818,12.5815911456,0.34348432526,0.0,0.0,0.0,0.0,-0.242602720516,4.34721637919,0.272499065321,0.0,-813.287253906,0.0,0.278892672557,0.0
470,2015-03-27,-1197.48244805,33.4728033473,1.11242752858,0.0,0.0,0.0,0.0,34.3639073296,9.89025877252,1.17339530739,0.0,-773.371987639,0.0,0.160875091661,0.0
471,2015-04-10,-1225.69162585,10.8856232019,-0.167220300879,0.0,0.0,0.0,0.0,7.84074698483,8.29983140967,-0.232795307009,0.0,-796.794133397,0.896165069234,0.959080352759,0.0
472,2015-04-17,-1227.5066187,26.4747810739,0.751800911237,0.0,0.0,0.0,0.0,47.5498535769,12.5505508297,0.185247089994,0.0,-780.912886198,0.0,-0.138965278377,0.0
473,2015-04-24,-1223.98778844,8.96043136944,0.0859863022796,0.0,0.0,0.0,0.0,14.1174105348,21.712907117,0.100172687483,0.0,-763.256904296,0.0,0.693636157177,0.0
474,2015-05-01,-1193.5982775,15.4733231151,-0.511354167682,0.0,0.0,0.0,0.0,33.9553884062,13.7465957723,-0.699669986454,0.0,-747.405164971,0.0,-0.127861988078,0.0
475,2015-05-08,-1269.33531011,3.21225599209,-0.174520778969,0.0,0.0,0.0,0.0,-6.44524236984,1.79533213645,-0.327651453298,0.0,-815.264314051,0.0,-0.704772384177,0.0
476,2015-05-15,-1272.55821989,20.6620136825,-0.0525280226971,0.0,0.0,0.0,0.0,-12.1567175233,4.88816471634,-0.430156020195,0.0,-828.775860373,0.0,-0.140841625089,0.0
477,2015-05-22,-1270.0466682,12.0878280162,-0.227826716283,0.0,0.0,0.0,0.0,-64.3934006542,11.3781823354,-0.192800892032,0.0,-835.396115889,0.0,-0.241122425804,0.0
478,2015-05-29,-1264.89272989,7.73254491699,-0.963557818277,0.0,0.0,0.0,0.0,-24.7948452081,7.70256258332,-1.06968591267,0.0,-836.83205648,0.0,-0.27444544283,0.0
479,2015-06-05,-1293.50189543,25.6061798155,-0.911097063319,0.0,0.0,0.0,0.0,-184.64895047,38.982525075,-1.16484686093,0.0,-854.470442946,0.0,-1.01628742319,0.0
480,2015-06-12,-1324.07266712,21.8123889468,0.311392236045,0.0,0.0,0.0,0.0,-208.505592238,15.4965638054,-0.440416352864,0.0,-914.206292827,0.0,-1.08274511681,0.0
481,2015-06-19,-1347.05941172,10.7491042413,-1.13087044598,0.0,0.0,0.0,0.0,-282.232998499,26.5558249625,-1.827906799,0.0,-908.37269538,0.0,-0.0301554473639,0.0
482,2015-06-26,-1419.65429217,29.100722048,-0.836524897231,0.0,0.0,0.0,0.0,-441.674261164,8.85301393048,-0.0115099281832,0.0,-1017.02779205,0.0,-1.39774149964,0.0
483,2015-07-10,-1397.38193811,33.3309943162,-0.193423702833,0.0,0.0,0.0,0.0,-237.39853833,11.0402736744,0.242783947989,0.0,-969.959433376,0.2835301687,-0.155546937158,0.0
484,2015-07-17,-1444.77526695,16.5549209503,-2.64141987024,0.0,0.0,0.0,0.0,-357.467394601,43.6760691538,-2.39957193381,0.0,-983.645979869,0.0,0.34506257156,0.0
485,2015-07-24,-1578.5024998,14.3639393699,0.491964925379,0.0,0.0,0.0,0.0,-387.713356012,9.31814820293,0.209472095283,0.0,-1068.10023882,0.0,-2.14707725168,0.0
486,2015-07-31,-1572.4200622,9.40913802727,-0.573961785543,0.0,0.0,0.0,0.0,-456.546676266,57.3554115671,-0.659185695962,0.0,-1050.57196759,0.0,0.686812097135,0.0
487,2015-08-07,-1549.67567962,16.6897456454,-0.110857886338,0.0,0.0,0.0,0.0,-439.185539697,3.41851123836,0.0353245644873,0.0,-1087.26011712,0.0,-1.08149421795,0.0
488,2015-08-14,-1539.03343418,9.38639360794,-2.42852209085,0.0,0.0,0.0,0.0,-412.551852151,16.3828585263,-3.80960271285,0.0,-1053.85066684,0.0,-0.0229937417141,0.0
489,2015-08-21,-1642.06232343,18.834003938,0.00464933125833,0.0,0.0,0.0,0.0,-386.858097188,12.2831591423,0.0948739962751,0.0,-1112.03160271,0.0,-2.91746149495,0.0
490,2015-08-28,-1632.12737012,30.7796956041,-0.429122533058,0.0,0.0,0.0,0.0,-407.869742198,33.921302578,-0.425060774552,0.0,-1059.3341403,0.0,0.0807444071282,0.0
491,2015-09-04,-1613.55668064,28.2414365952,-0.179483680015,0.0,0.0,0.0,0.0,-380.331181886,15.342291821,0.214881713583,0.0,-1085.47845716,0.0,-0.792505865247,0.0
492,2015-09-11,-1647.46166826,23.0357273861,0.855129969065,0.0,0.0,0.0,0.0,-449.490937473,26.6238834446,1.02344417991,0.0,-1140.08789435,0.0,-0.338916971757,0.0
493,2015-09-18,-1600.54954136,15.1227171308,-1.49389228053,0.0,0.0,0.0,0.0,-306.841377949,4.4418122594,-1.78111566667,0.0,-1074.87093925,0.0,0.655988753442,0.0
494,2015-09-25,-1597.77256537,9.12170966901,-1.60689153052,0.0,0.0,0.0,0.0,-342.996489735,13.0837144985,-1.74135980396,0.0,-1079.69989422,0.0,-1.32358165868,0.0
495,2015-10-02,-1720.83510322,19.1147735961,4.91812794249,0.0,0.0,0.0,0.0,-442.122786555,27.4626232637,3.75111469146,0.0,-1231.52603525,0.0,-1.49435661564,0.0
496,2015-10-09,-1599.80395667,29.0931877182,0.301204896599,0.0,0.0,0.0,0.0,-244.152604549,5.45016245677,0.211748307771,0.0,-1076.18730993,0.0,3.69316752883,0.0
497,2015-10-16,-1537.08701537,23.4057797946,0.988270565964,0.0,0.0,0.0,0.0,-189.022838314,13.8620611294,0.693528831483,0.0,-1075.96570781,0.0,0.0792974354116,0.0
498,2015-10-23,-1518.77536173,26.7561231913,-0.245564047139,0.0,0.0,0.0,0.0,-126.759487722,10.3395605687,-0.396108145725,0.0,-1036.93986331,0.0,0.7403928556,0.0
499,2015-10-30,-1497.63001314,17.6184220694,-0.50204664248,0.0,0.0,0.0,0.0,-194.226001434,23.7680565516,0.294445829492,0.0,-1039.50262151,0.0,-0.173936737557,0.0
500,2015-11-06,-1492.94150692,32.0904430869,-3.16701640253,0.0,0.0,0.0,0.0,-152.586116637,20.1026070569,-2.41241882546,0.0,-1051.79036636,0.0,-0.208044576608,0.0
501,2015-11-13,-1639.13893544,12.050115713,0.349546196809,0.0,0.0,0.0,0.0,-249.067276799,13.1438029403,0.54992067017,0.0,-1132.58063461,0.0,-2.47945128385,0.0
502,2015-11-20,-1640.9610184,30.0771716905,0.198540451204,0.0,0.0,0.0,0.0,-179.000107285,24.4608947538,0.307485700737,0.0,-1132.50989198,0.0,0.408612576844,0.0
503,2015-11-27,-1652.41438973,10.4534640617,0.0249133911087,0.0,0.0,0.0,0.0,-186.925780002,5.43073155149,0.330149565365,0.0,-1107.50373334,0.0,0.275450545232,0.0
504,2015-12-04,-1603.76943087,17.3212359622,-3.68111999207,0.0,0.0,0.0,0.0,-130.143136649,19.1535372258,-3.29620913795,0.0,-1088.095181,0.0,0.00753534388165,0.0
505,2015-12-11,-1735.61893126,20.4488457334,2.2246930839,0.0,0.0,0.0,0.0,-253.469267719,16.567003235,0.458666777919,0.0,-1200.09439618,0.0,-3.51203893753,0.0
506,2015-12-18,-1528.0591949,19.8221437784,-1.2476762788,0.0,0.0,0.0,0.0,4.62063649378,11.3423631759,-1.96982879956,0.0,-972.080422058,0.0,1.80525483056,0.0
507,2016-01-08,-1501.69826674,14.582279408,-4.15050818663,0.0,0.0,0.0,0.0,-80.1441307342,34.7000756121,-3.5812114891,0.0,-932.979039816,0.0,-0.880031691102,0.0
508,2016-01-15,-1658.42933575,24.4440662704,-0.0716855151859,0.0,0.0,0.0,0.0,-245.437799895,21.3156904035,-0.248057013146,0.0,-1127.42645546,0.0,-4.13354611286,0.0
509,2016-01-22,-1699.12971203,3.11057997798,2.95307850127,0.0,0.0,0.0,0.0,-250.857567062,17.5402813582,2.29619275339,0.0,-1120.7411661,0.0,0.198678926469,0.0
510,2016-01-29,-1572.30893714,2.59403413441,-0.333943697244,0.0,0.0,0.0,0.0,-112.398587816,14.5723895171,-1.0197537093,0.0,-995.351165126,0.0,2.35569992547,0.0
511,2016-02-05,-1574.88712495,1.35699405873,-2.46416396285,0.0,0.0,0.0,0.0,11.0304146888,26.5673467581,-3.61117572024,0.0,-967.188460137,0.0,-0.975595297099,0.0
512,2016-02-12,-1644.45889964,25.4029430069,2.38438621552,0.0,0.0,0.0,0.0,-129.298034195,27.7609481397,2.16327948743,0.0,-1076.3033685,0.0,-3.24262779008,0.0
513,2016-02-19,-1610.89188044,14.076743839,1.99355479528,0.0,0.0,0.0,0.0,-85.4605974094,34.4552695133,1.03173030195,0.0,-1018.61654339,0.0,1.93398832969,0.0
514,2016-02-26,-1522.19258789,14.9398052965,4.36565116772,0.0,0.0,0.0,0.0,-43.3219289099,11.1904700297,2.69449309172,0.0,-952.268694245,0.0,1.55024602506,0.0
515,2016-03-04,-1409.67745576,8.6571966266,1.46505168593,0.0,0.0,0.0,0.0,95.7486310161,20.6962431561,0.175921845125,0.0,-847.309822554,0.0,3.12361117989,0.0
516,2016-03-11,-1345.60041104,26.9398821985,1.61408442015,0.0,0.0,0.0,0.0,122.995874473,28.9763314823,0.520134075947,0.0,-825.015240278,0.0,0.886204942701,0.0
517,2016-03-18,-1302.63231637,6.17606844331,0.105039683136,0.0,0.0,0.0,0.0,149.692078144,4.30582887385,1.15000231122,0.0,-782.916268381,0.0,1.2055963055,0.0
518,2016-04-01,-1296.96658759,12.4352883398,-0.650302644389,0.0,0.0,0.0,0.0,253.625996987,18.7408488094,-0.585314845343,0.0,-738.823321748,0.769368111592,0.618654456945,0.0
519,2016-04-08,-1348.35138504,9.89495280681,1.16413991407,0.0,0.0,0.0,0.0,194.378113248,26.3498908373,0.714702033255,0.0,-792.155285751,0.0,-0.66465132942,0.0
520,2016-04-15,-1342.70304026,12.966083297,1.55981361695,0.0,0.0,0.0,0.0,228.315317215,15.102831706,0.317124767195,0.0,-795.632816519,0.0,0.849029116676,0.0
521,2016-04-22,-1282.30977945,1.20006096853,0.489447198179,0.0,0.0,0.0,0.0,207.29781261,14.0921445295,-0.212457070321,0.0,-755.335111656,0.0,1.05597826087,0.0
522,2016-04-29,-1271.54281549,19.3614474075,-1.12532540286,0.0,0.0,0.0,0.0,195.770566023,15.8406713853,0.137995114118,0.0,-752.413209824,0.0,0.213569260197,0.0
523,2016-05-06,-1310.13014409,16.4044613526,0.0747606872578,0.0,0.0,0.0,0.0,301.413227739,23.0764030152,-0.322770475126,0.0,-726.203938554,0.0,-0.329885824912,0.0
524,2016-05-13,-1297.59379064,19.6832299188,-0.13111212173,0.0,0.0,0.0,0.0,333.345611374,8.74303274804,-1.00409872327,0.0,-737.074122978,0.0,-0.240547145081,0.0
525,2016-05-20,-1265.39918214,15.0358644802,1.54915178333,0.0,0.0,0.0,0.0,255.506213904,34.8722095916,1.02156854909,0.0,-767.056311412,0.0,-0.307402765427,0.0
526,2016-05-27,-1248.53801649,14.7615134352,0.914560903657,0.0,0.0,0.0,0.0,235.230961914,29.8470469453,0.404599673178,0.0,-723.175824297,0.0,1.46428576805,0.0
527,2016-06-03,-1213.08772678,19.8785141171,0.81414229438,0.0,0.0,0.0,0.0,391.89773789,11.6233130369,0.152442327848,0.0,-680.984246386,0.0,0.813168434368,0.0
528,2016-06-10,-1155.23182425,8.13678045225,-1.36224568387,0.0,0.0,0.0,0.0,431.642144581,24.9383591801,-1.58929138933,0.0,-633.126092883,0.0,0.565843793214,0.0
529,2016-06-17,-1224.51818872,13.1762092371,-0.353930170309,0.0,0.0,0.0,0.0,352.486216759,21.7830982042,-0.0883244088148,0.0,-665.232247169,0.0,-1.38014048857,0.0
530,2016-06-24,-1215.30018603,21.2154495472,1.59122967293,0.0,0.0,0.0,0.0,474.4288163,21.2908372404,1.13383485325,0.0,-638.097013878,0.0,-0.349816863909,0.0
531,2016-07-01,-1236.81051783,19.939019158,1.31341577915,0.0,0.0,0.0,0.0,414.380224922,39.9410301396,0.610158418252,0.0,-643.87642088,0.276168570715,1.52781746691,0.0
532,2016-07-08,-1180.59191362,22.6890473032,0.755960797511,0.0,0.0,0.0,0.0,484.668643019,9.05849744738,-0.947110941477,0.0,-612.184287135,0.0,0.850017463889,0.0
533,2016-07-15,-1191.26724503,18.667640917,0.721282063688,0.0,0.0,0.0,0.0,336.088943108,6.84347845971,0.760299245056,0.0,-681.572071884,0.0,0.0643012115995,0.0
534,2016-07-22,-1145.61949629,4.62208146663,0.498357829865,0.0,0.0,0.0,0.0,424.244574806,25.0589805315,0.670750224627,0.0,-623.471360891,0.0,0.862355076063,0.0
535,2016-07-29,-1114.41423568,20.1798209346,0.0122328524253,0.0,0.0,0.0,0.0,426.620406331,31.8519093042,0.133359790043,0.0,-575.084299044,0.0,0.685404175739,0.0
536,2016-08-05,-1144.24648096,17.1366119159,1.01899289752,0.0,0.0,0.0,0.0,406.693310194,30.2027601265,0.269909970676,0.0,-612.225491717,0.0,-0.1654799888,0.0
537,2016-08-12,-1118.71522965,17.1629370477,0.53987496438,0.0,0.0,0.0,0.0,495.269019867,8.88907601685,0.510820184014,0.0,-598.84727613,0.0,0.41762001142,0.0
538,2016-08-19,-1073.50945577,14.3296789294,0.22684700412,0.0,0.0,0.0,0.0,484.321419082,16.911721092,-0.70687788723,0.0,-572.077197742,0.0,0.466408377646,0.0
539,2016-08-26,-1047.37537737,19.6346390248,0.396171876767,0.0,0.0,0.0,0.0,487.701023033,4.48237080685,0.744383713352,0.0,-568.102189109,0.0,-0.132811222633,0.0
540,2016-09-02,-1058.90655954,16.5911434705,-1.12851793164,0.0,0.0,0.0,0.0,512.065913477,21.2083846122,-2.14283857358,0.0,-561.985927905,0.0,0.415020909531,0.0
541,2016-09-09,-1109.03749904,19.4302214474,-1.4351476669,0.0,0.0,0.0,0.0,418.720423809,17.4649819524,-1.24939346593,0.0,-617.930476936,0.0,-1.30893018219,0.0
542,2016-09-16,-1182.13733409,31.2616249289,1.75408913947,0.0,0.0,0.0,0.0,286.501854757,29.4462738349,0.850767287424,0.0,-681.771596483,0.0,-1.34137121907,0.0
543,2016-09-23,-1151.91237216,27.1642480254,0.858892562644,0.0,0.0,0.0,0.0,359.668730261,18.2765339454,-0.565905370976,0.0,-642.296388408,0.0,1.27883978146,0.0
544,2016-09-30,-1150.2669263,20.8367458971,-1.11834607058,0.0,0.0,0.0,0.0,362.109529306,27.1008006371,-1.17093964551,0.0,-656.997917663,1.50051471227,0.393600846127,0.0
545,2016-10-07,-1226.54757942,17.8049663745,-1.42345081384,0.0,0.0,0.0,0.0,279.122618843,28.5246488524,-2.12438258648,0.0,-735.986679233,0.0,-0.911457174883,0.0
546,2016-10-14,-1299.78766059,6.61478798307,0.70532284663,0.0,0.0,0.0,0.0,183.29993815,6.57437528132,0.746540054416,0.0,-810.198072088,0.0,-1.37139185662,0.0
547,2016-10-21,-1292.54786355,9.7435842557,-0.244661014056,0.0,0.0,0.0,0.0,213.072541822,0.0,-0.871019932774,0.0,-813.436651151,0.0,0.470746440935,0.0
548,2016-10-28,-1255.84621813,13.4073626599,-1.85664107038,0.0,0.0,0.0,0.0,200.304869736,10.9846215901,-2.78709352502,0.0,-817.875963065,0.0,-0.529139033259,0.0
549,2016-11-04,-1353.56973799,10.5440818632,-0.409670369419,0.0,0.0,0.0,0.0,-6.18865437672,6.41488931704,-0.559400013191,0.0,-949.23094873,0.0,-2.46612017797,0.0
550,2016-11-11,-1405.88589409,24.1627202005,0.828544358006,0.0,0.0,0.0,0.0,-47.0925199371,23.4839279415,1.05992588545,0.0,-997.942646566,0.0,-0.710957028991,0.0
551,2016-11-18,-1288.08431684,19.3323485825,1.67991374637,0.0,0.0,0.0,0.0,120.156118699,15.7238334427,0.997772290057,0.0,-874.487411809,0.0,1.02123795298,0.0
552,2016-11-25,-1196.60536234,8.98035008051,-0.570215059874,0.0,0.0,0.0,0.0,184.411490831,22.6746174583,-1.63359193703,0.0,-758.596866951,0.0,1.59781588795,0.0
553,2016-12-02,-1279.92840238,6.8768525804,2.12130305825,0.0,0.0,0.0,0.0,104.716567509,15.2513599078,0.565677358515,0.0,-841.370124727,0.0,-0.795164349584,0.0
554,2016-12-09,-1252.43243161,15.3956871635,-0.316277143399,0.0,0.0,0.0,0.0,-11.0819636492,26.9321119078,-0.241353489681,0.0,-815.199183971,0.0,1.35678536875,0.0
555,2016-12-16,-1222.42583544,19.3180080176,-0.0234530527231,0.0,0.0,0.0,0.0,33.1818289827,6.73794355144,0.241568944052,0.0,-795.778512524,0.0,-0.182499099944,0.0
556,2016-12-23,-1201.8639884,22.3950630185,0.582214081957,0.0,0.0,0.0,0.0,108.803092824,12.3625328737,-0.0801147916904,0.0,-796.275225036,0.0,0.202237786708,0.0
557,2016-12-30,-1215.94747208,23.069098384,1.75338649204,0.0,0.0,0.0,0.0,288.24043421,9.96540463032,1.26106573392,0.0,-730.214560903,2.65248471751,0.623525946788,0.0
558,2017-01-06,-1202.80213772,15.441622908,0.403741278619,0.0,0.0,0.0,0.0,223.019604377,25.8646456324,0.766612404859,0.0,-730.989161883,0.24386262106,1.1043534971,0.0
559,2017-01-13,-1183.41916693,13.7409576666,-0.056011457269,0.0,0.0,0.0,0.0,326.625791029,11.4944474263,-0.41997866673,0.0,-708.963230268,0.0,0.376220178257,0.0
560,2017-01-20,-1160.27344622,6.66471306301,1.27312915612,0.0,0.0,0.0,0.0,214.672744306,18.0340751136,1.03822299028,0.0,-708.242913473,0.0,-0.312606669477,0.0
561,2017-01-27,-1115.4062911,2.54894073684,0.963988340692,0.0,0.0,0.0,0.0,315.852852937,13.8085493164,1.30876674422,0.0,-641.39225039,0.0,1.3599123087,0.0
562,2017-02-03,-1059.12761501,11.2029255692,0.468296306952,0.0,0.0,0.0,0.0,394.189555457,1.89933860231,0.540756143329,0.0,-590.75499299,0.0,0.828706463707,0.0
563,2017-02-10,-1063.71132104,17.0774396921,-0.551916240911,0.0,0.0,0.0,0.0,445.979504289,1.71563040884,-1.03337096072,0.0,-565.820521355,0.0,0.548673655368,0.0
564,2017-02-17,-1082.91457922,10.6513151896,0.666881625402,0.0,0.0,0.0,0.0,328.532475729,2.1360081893,0.450020350269,0.0,-618.093282461,0.0,-0.637056584168,0.0
565,2017-02-24,-1075.66946115,2.62430523682,-0.0374109228386,0.0,0.0,0.0,0.0,341.847030702,2.19824050055,0.41257012451,0.0,-600.582623779,0.0,0.63693751736,0.0
566,2017-03-03,-1084.87657392,9.81535656625,-1.75311323952,0.0,0.0,0.0,0.0,337.891426082,19.6065721748,-1.93860372594,0.0,-601.164471527,0.0,0.225752317494,0.0
567,2017-03-10,-1139.53264539,13.2553802771,0.619810647037,0.0,0.0,0.0,0.0,307.03146746,13.9032169465,1.03362501484,0.0,-706.98029029,0.0,-1.93245767887,0.0
568,2017-03-17,-1141.04855918,25.642885948,0.171170572894,0.0,0.0,0.0,0.0,343.765667437,23.3942074276,-0.613015482332,0.0,-658.328600655,0.0,0.702174525691,0.0
569,2017-03-24,-1111.99347535,7.37421633515,0.736910816991,0.0,0.0,0.0,0.0,331.938066986,1.92511543158,0.579305815972,0.0,-643.656411407,0.0,-0.220424705529,0.0
570,2017-03-31,-1105.22633848,1.64809743864,0.57388451944,0.0,0.0,0.0,0.0,357.573453613,9.84577938761,0.607569333495,0.0,-635.091493576,0.779315706728,0.663269968617,0.0
571,2017-04-07,-1070.93824224,0.848076151135,0.321149040344,0.0,0.0,0.0,0.0,425.005651447,6.91823116166,0.71755683484,0.0,-595.944284752,0.364773592115,0.555954032138,0.0
572,2017-04-21,-998.639468169,8.64041982127,0.914908801921,0.0,0.0,0.0,0.0,554.46464317,11.0041029788,1.09526857217,0.0,-533.442049713,0.0,0.36327661238,0.0
573,2017-04-28,-985.541720613,14.8868317109,-0.237211795555,0.0,0.0,0.0,0.0,493.416323498,14.8516380715,0.865500215194,0.0,-505.000237722,0.0,1.13797171886,0.0
574,2017-05-05,-1001.43455905,23.8600316875,-0.040227913071,0.0,0.0,0.0,0.0,515.712999895,6.75861614453,-0.565979868879,0.0,-513.976157312,0.0,0.0799413852448,0.0
575,2017-05-12,-1031.48053564,17.3792482918,0.0483727341466,0.0,0.0,0.0,0.0,510.062493023,2.32856676492,0.163437921437,0.0,-518.499078171,0.0,-0.120113846073,0.0
576,2017-05-19,-1010.02612178,38.6423896604,0.756776290034,0.0,0.0,0.0,0.0,517.754394576,0.0,1.31560887517,0.0,-526.443072479,0.0,-0.0485209124787,0.0
577,2017-05-26,-959.62601682,25.3045150897,0.149744512869,0.0,0.0,0.0,0.0,580.823354703,0.0,0.553653558835,0.0,-492.802203914,0.0,0.714317003285,0.0
578,2017-06-02,-946.511950743,25.9463388468,-0.452977558859,0.0,0.0,0.0,0.0,581.169559252,17.2744562406,-1.12926853942,0.0,-487.514157123,0.0,0.383383039278,0.0
579,2017-06-09,-987.990919221,7.40317710815,-0.122560553741,0.0,0.0,0.0,0.0,563.810738645,14.8516380715,-0.514740319073,0.0,-496.486711684,0.0,-0.287975223902,0.0
580,2017-06-16,-996.167390546,22.0667490899,-0.531606934248,0.0,0.0,0.0,0.0,487.865149893,6.88386308122,0.340974240125,0.0,-495.366678308,0.0,-0.172427269047,0.0
581,2017-06-23,-1011.65818355,5.30319892242,0.247400063934,0.0,0.0,0.0,0.0,531.284921626,6.62610691266,-0.142489082923,0.0,-495.815208737,0.0,-0.212225264604,0.0
582,2017-06-30,-999.92804961,15.8337077692,0.02549374666,0.0,0.0,0.0,0.0,582.891177708,1.52109893992,0.358223754306,0.0,-490.482940801,0.448706492736,0.0766898857858,0.0
