,Data,DataDate,DataDateDisplay,DataDateJs,DiscountData,NAVData,TICKER,NAVTicker
0,20.88,1995-01-13T00:00:00,1/13/1995,1995-01-13,24.33,16.79,MXF,XXMXFXX
1,18.38,1995-01-20T00:00:00,1/20/1995,1995-01-20,27.1,14.46,MXF,XXMXFXX
2,18.5,1995-01-27T00:00:00,1/27/1995,1995-01-27,34.78,13.73,MXF,XXMXFXX
3,18.63,1995-02-03T00:00:00,2/3/1995,1995-02-03,28.34,14.52,MXF,XXMXFXX
4,17.25,1995-02-10T00:00:00,2/10/1995,1995-02-10,22.75,14.05,MXF,XXMXFXX
5,16.0,1995-02-17T00:00:00,2/17/1995,1995-02-17,23.51,12.95,MXF,XXMXFXX
6,14.25,1995-02-24T00:00:00,2/24/1995,1995-02-24,25.67,11.34,MXF,XXMXFXX
7,12.88,1995-03-03T00:00:00,3/3/1995,1995-03-03,19.43,10.79,MXF,XXMXFXX
8,13.5,1995-03-10T00:00:00,3/10/1995,1995-03-10,57.03,8.6,MXF,XXMXFXX
9,12.5,1995-03-17T00:00:00,3/17/1995,1995-03-17,36.73,9.14,MXF,XXMXFXX
10,12.88,1995-03-24T00:00:00,3/24/1995,1995-03-24,34.62,9.57,MXF,XXMXFXX
11,13.5,1995-03-31T00:00:00,3/31/1995,1995-03-31,21.2,11.14,MXF,XXMXFXX
12,16.25,1995-10-06T00:00:00,10/6/1995,1995-10-06,7.9,15.06,MXF,XXMXFXX
13,14.38,1995-10-13T00:00:00,10/13/1995,1995-10-13,-0.94,14.52,MXF,XXMXFXX
14,12.88,1995-10-20T00:00:00,10/20/1995,1995-10-20,-16.25,15.38,MXF,XXMXFXX
15,11.63,1995-10-27T00:00:00,10/27/1995,1995-10-27,-15.33,13.74,MXF,XXMXFXX
16,12.25,1995-11-03T00:00:00,11/3/1995,1995-11-03,-2.82,12.61,MXF,XXMXFXX
17,11.75,1995-11-10T00:00:00,11/10/1995,1995-11-10,-4.47,12.3,MXF,XXMXFXX
18,12.38,1995-11-17T00:00:00,11/17/1995,1995-11-17,0.81,12.28,MXF,XXMXFXX
19,13.38,1995-11-24T00:00:00,11/24/1995,1995-11-24,0.21,13.35,MXF,XXMXFXX
20,13.38,1995-12-01T00:00:00,12/1/1995,1995-12-01,-4.12,13.96,MXF,XXMXFXX
21,12.38,1995-12-08T00:00:00,12/8/1995,1995-12-08,-8.85,13.58,MXF,XXMXFXX
22,12.63,1995-12-15T00:00:00,12/15/1995,1995-12-15,-7.34,13.63,MXF,XXMXFXX
23,13.63,1995-12-22T00:00:00,12/22/1995,1995-12-22,-7.4,14.72,MXF,XXMXFXX
24,12.75,1995-12-29T00:00:00,12/29/1995,1995-12-29,-11.66,14.43,MXF,XXMXFXX
25,14.88,1996-01-05T00:00:00,1/5/1996,1996-01-05,-4.44,15.57,MXF,XXMXFXX
26,15.63,1996-01-12T00:00:00,1/12/1996,1996-01-12,0.38,15.57,MXF,XXMXFXX
27,15.38,1996-01-19T00:00:00,1/19/1996,1996-01-19,-6.19,16.39,MXF,XXMXFXX
28,15.63,1996-01-26T00:00:00,1/26/1996,1996-01-26,-4.33,16.34,MXF,XXMXFXX
29,15.25,1996-02-02T00:00:00,2/2/1996,1996-02-02,-6.71,16.35,MXF,XXMXFXX
30,14.63,1996-02-09T00:00:00,2/9/1996,1996-02-09,-7.91,15.89,MXF,XXMXFXX
31,14.38,1996-02-16T00:00:00,2/16/1996,1996-02-16,-8.44,15.71,MXF,XXMXFXX
32,14.38,1996-02-23T00:00:00,2/23/1996,1996-02-23,-8.94,15.79,MXF,XXMXFXX
33,14.0,1996-03-01T00:00:00,3/1/1996,1996-03-01,-8.52,15.3,MXF,XXMXFXX
34,13.25,1996-03-08T00:00:00,3/8/1996,1996-03-08,-10.39,14.79,MXF,XXMXFXX
35,13.38,1996-03-15T00:00:00,3/15/1996,1996-03-15,-12.95,15.37,MXF,XXMXFXX
36,15.0,1996-03-22T00:00:00,3/22/1996,1996-03-22,-8.02,16.31,MXF,XXMXFXX
37,15.38,1996-03-29T00:00:00,3/29/1996,1996-03-29,-6.4,16.43,MXF,XXMXFXX
38,15.75,1996-04-12T00:00:00,4/12/1996,1996-04-12,-7.44,17.02,MXF,XXMXFXX
39,16.63,1996-04-19T00:00:00,4/19/1996,1996-04-19,-5.71,17.64,MXF,XXMXFXX
40,15.75,1996-04-26T00:00:00,4/26/1996,1996-04-26,-9.62,17.43,MXF,XXMXFXX
41,15.0,1996-05-03T00:00:00,5/3/1996,1996-05-03,-11.89,17.03,MXF,XXMXFXX
42,15.63,1996-05-10T00:00:00,5/10/1996,1996-05-10,-11.52,17.67,MXF,XXMXFXX
43,16.0,1996-05-17T00:00:00,5/17/1996,1996-05-17,-11.96,18.17,MXF,XXMXFXX
44,16.38,1996-05-24T00:00:00,5/24/1996,1996-05-24,-10.9,18.38,MXF,XXMXFXX
45,15.63,1996-05-31T00:00:00,5/31/1996,1996-05-31,-12.75,17.92,MXF,XXMXFXX
46,15.38,1996-06-07T00:00:00,6/7/1996,1996-06-07,-14.51,17.99,MXF,XXMXFXX
47,15.13,1996-06-14T00:00:00,6/14/1996,1996-06-14,-12.65,17.32,MXF,XXMXFXX
48,14.63,1996-06-21T00:00:00,6/21/1996,1996-06-21,-14.45,17.1,MXF,XXMXFXX
49,15.25,1996-06-28T00:00:00,6/28/1996,1996-06-28,-12.2,17.37,MXF,XXMXFXX
50,14.63,1996-07-05T00:00:00,7/5/1996,1996-07-05,-13.14,16.84,MXF,XXMXFXX
51,14.0,1996-07-12T00:00:00,7/12/1996,1996-07-12,-14.85,16.44,MXF,XXMXFXX
52,14.5,1996-07-19T00:00:00,7/19/1996,1996-07-19,-13.96,16.85,MXF,XXMXFXX
53,14.63,1996-07-26T00:00:00,7/26/1996,1996-07-26,-9.76,16.21,MXF,XXMXFXX
54,15.0,1996-08-02T00:00:00,8/2/1996,1996-08-02,-13.97,17.44,MXF,XXMXFXX
55,15.0,1996-08-09T00:00:00,8/9/1996,1996-08-09,-15.55,17.76,MXF,XXMXFXX
56,16.13,1996-08-16T00:00:00,8/16/1996,1996-08-16,-13.12,18.57,MXF,XXMXFXX
57,16.38,1996-08-23T00:00:00,8/23/1996,1996-08-23,-11.18,18.44,MXF,XXMXFXX
58,15.88,1996-08-30T00:00:00,8/30/1996,1996-08-30,-10.98,17.84,MXF,XXMXFXX
59,16.0,1996-09-13T00:00:00,9/13/1996,1996-09-13,-12.01,18.18,MXF,XXMXFXX
60,16.5,1996-09-20T00:00:00,9/20/1996,1996-09-20,-9.4,18.21,MXF,XXMXFXX
61,15.75,1996-09-27T00:00:00,9/27/1996,1996-09-27,-11.28,17.75,MXF,XXMXFXX
62,16.25,1996-10-04T00:00:00,10/4/1996,1996-10-04,-11.79,18.42,MXF,XXMXFXX
63,15.88,1996-10-11T00:00:00,10/11/1996,1996-10-11,-11.97,18.04,MXF,XXMXFXX
64,15.38,1996-10-18T00:00:00,10/18/1996,1996-10-18,-13.97,17.88,MXF,XXMXFXX
65,14.63,1996-10-25T00:00:00,10/25/1996,1996-10-25,-13.04,16.82,MXF,XXMXFXX
66,14.75,1996-11-01T00:00:00,11/1/1996,1996-11-01,-12.83,16.92,MXF,XXMXFXX
67,15.38,1996-11-08T00:00:00,11/8/1996,1996-11-08,-12.61,17.6,MXF,XXMXFXX
68,15.25,1996-11-15T00:00:00,11/15/1996,1996-11-15,-14.51,17.84,MXF,XXMXFXX
69,15.0,1996-11-22T00:00:00,11/22/1996,1996-11-22,-14.4,17.52,MXF,XXMXFXX
70,15.13,1996-11-29T00:00:00,11/29/1996,1996-11-29,-13.46,17.48,MXF,XXMXFXX
71,14.75,1996-12-06T00:00:00,12/6/1996,1996-12-06,-15.82,17.52,MXF,XXMXFXX
72,14.38,1996-12-13T00:00:00,12/13/1996,1996-12-13,-15.01,16.92,MXF,XXMXFXX
73,15.0,1996-12-20T00:00:00,12/20/1996,1996-12-20,-14.4,17.52,MXF,XXMXFXX
74,15.0,1996-12-27T00:00:00,12/27/1996,1996-12-27,-14.68,17.58,MXF,XXMXFXX
75,15.13,1997-01-03T00:00:00,1/3/1997,1997-01-03,-15.27,17.86,MXF,XXMXFXX
76,15.88,1997-01-10T00:00:00,1/10/1997,1997-01-10,-13.98,18.46,MXF,XXMXFXX
77,16.88,1997-01-17T00:00:00,1/17/1997,1997-01-17,-12.63,19.32,MXF,XXMXFXX
78,16.13,1997-01-24T00:00:00,1/24/1997,1997-01-24,-16.06,19.22,MXF,XXMXFXX
79,16.13,1997-01-31T00:00:00,1/31/1997,1997-01-31,-14.52,18.87,MXF,XXMXFXX
80,15.88,1997-02-07T00:00:00,2/7/1997,1997-02-07,-16.53,19.02,MXF,XXMXFXX
81,17.13,1997-02-14T00:00:00,2/14/1997,1997-02-14,-13.35,19.77,MXF,XXMXFXX
82,17.13,1997-02-21T00:00:00,2/21/1997,1997-02-21,-15.2,20.2,MXF,XXMXFXX
83,16.5,1997-02-28T00:00:00,2/28/1997,1997-02-28,-16.18,19.68,MXF,XXMXFXX
84,16.63,1997-03-07T00:00:00,3/7/1997,1997-03-07,-13.11,19.14,MXF,XXMXFXX
85,16.38,1997-03-14T00:00:00,3/14/1997,1997-03-14,-14.42,19.14,MXF,XXMXFXX
86,16.25,1997-03-21T00:00:00,3/21/1997,1997-03-21,-16.56,19.47,MXF,XXMXFXX
87,16.13,1997-04-04T00:00:00,4/4/1997,1997-04-04,-16.47,19.31,MXF,XXMXFXX
88,15.88,1997-04-11T00:00:00,4/11/1997,1997-04-11,-17.56,19.26,MXF,XXMXFXX
89,16.25,1997-04-18T00:00:00,4/18/1997,1997-04-18,-15.81,19.3,MXF,XXMXFXX
90,16.0,1997-04-25T00:00:00,4/25/1997,1997-04-25,-17.51,19.4,MXF,XXMXFXX
91,16.0,1997-05-02T00:00:00,5/2/1997,1997-05-02,-17.39,19.37,MXF,XXMXFXX
92,16.5,1997-05-09T00:00:00,5/9/1997,1997-05-09,-17.02,19.89,MXF,XXMXFXX
93,16.75,1997-05-16T00:00:00,5/16/1997,1997-05-16,-16.61,20.09,MXF,XXMXFXX
94,17.25,1997-05-23T00:00:00,5/23/1997,1997-05-23,-16.04,20.55,MXF,XXMXFXX
95,16.88,1997-05-30T00:00:00,5/30/1997,1997-05-30,-16.79,20.29,MXF,XXMXFXX
96,17.31,1997-06-06T00:00:00,6/6/1997,1997-06-06,-16.87,20.82,MXF,XXMXFXX
97,18.69,1997-06-13T00:00:00,6/13/1997,1997-06-13,-12.84,21.44,MXF,XXMXFXX
98,19.0,1997-06-20T00:00:00,6/20/1997,1997-06-20,-14.74,22.29,MXF,XXMXFXX
99,19.88,1997-06-27T00:00:00,6/27/1997,1997-06-27,-12.04,22.6,MXF,XXMXFXX
100,20.88,1997-07-11T00:00:00,7/11/1997,1997-07-11,-14.66,24.47,MXF,XXMXFXX
101,20.06,1997-07-18T00:00:00,7/18/1997,1997-07-18,-16.71,24.08,MXF,XXMXFXX
102,21.31,1997-07-25T00:00:00,7/25/1997,1997-07-25,-13.0,24.5,MXF,XXMXFXX
103,22.88,1997-08-01T00:00:00,8/1/1997,1997-08-01,-11.5,25.85,MXF,XXMXFXX
104,21.88,1997-08-08T00:00:00,8/8/1997,1997-08-08,-15.99,26.05,MXF,XXMXFXX
105,21.44,1997-08-15T00:00:00,8/15/1997,1997-08-15,-17.1,25.86,MXF,XXMXFXX
106,21.69,1997-08-22T00:00:00,8/22/1997,1997-08-22,-16.81,26.07,MXF,XXMXFXX
107,19.63,1997-08-29T00:00:00,8/29/1997,1997-08-29,-19.96,24.52,MXF,XXMXFXX
108,21.31,1997-09-05T00:00:00,9/5/1997,1997-09-05,-16.9,25.64,MXF,XXMXFXX
109,20.94,1997-09-12T00:00:00,9/12/1997,1997-09-12,-17.6,25.41,MXF,XXMXFXX
110,21.88,1997-09-19T00:00:00,9/19/1997,1997-09-19,-17.98,26.68,MXF,XXMXFXX
111,22.75,1997-09-26T00:00:00,9/26/1997,1997-09-26,-16.28,27.17,MXF,XXMXFXX
112,22.81,1997-10-03T00:00:00,10/3/1997,1997-10-03,-17.62,27.69,MXF,XXMXFXX
113,22.63,1997-10-10T00:00:00,10/10/1997,1997-10-10,-18.22,27.67,MXF,XXMXFXX
114,22.0,1997-10-17T00:00:00,10/17/1997,1997-10-17,-20.71,27.75,MXF,XXMXFXX
115,19.94,1997-10-24T00:00:00,10/24/1997,1997-10-24,-22.33,25.67,MXF,XXMXFXX
116,18.69,1997-10-31T00:00:00,10/31/1997,1997-10-31,-16.82,22.47,MXF,XXMXFXX
117,18.0,1997-11-07T00:00:00,11/7/1997,1997-11-07,-19.75,22.43,MXF,XXMXFXX
118,17.69,1997-11-14T00:00:00,11/14/1997,1997-11-14,-19.76,22.05,MXF,XXMXFXX
119,18.75,1997-11-21T00:00:00,11/21/1997,1997-11-21,-20.7,23.64,MXF,XXMXFXX
120,18.94,1997-11-28T00:00:00,11/28/1997,1997-11-28,-21.7,24.19,MXF,XXMXFXX
121,20.19,1997-12-05T00:00:00,12/5/1997,1997-12-05,-19.43,25.06,MXF,XXMXFXX
122,18.81,1997-12-12T00:00:00,12/12/1997,1997-12-12,-22.7,24.33,MXF,XXMXFXX
123,19.31,1997-12-19T00:00:00,12/19/1997,1997-12-19,-18.66,23.74,MXF,XXMXFXX
124,19.09,1997-12-26T00:00:00,12/26/1997,1997-12-26,-20.36,23.97,MXF,XXMXFXX
125,20.5,1998-01-02T00:00:00,1/2/1998,1998-01-02,-18.16,25.05,MXF,XXMXFXX
126,17.72,1998-01-09T00:00:00,1/9/1998,1998-01-09,-20.01,22.15,MXF,XXMXFXX
127,18.56,1998-01-16T00:00:00,1/16/1998,1998-01-16,-17.81,22.58,MXF,XXMXFXX
128,18.06,1998-01-23T00:00:00,1/23/1998,1998-01-23,-16.3,21.58,MXF,XXMXFXX
129,18.0,1998-01-30T00:00:00,1/30/1998,1998-01-30,-16.32,21.51,MXF,XXMXFXX
130,19.31,1998-02-06T00:00:00,2/6/1998,1998-02-06,-12.6,22.1,MXF,XXMXFXX
131,17.94,1998-02-13T00:00:00,2/13/1998,1998-02-13,-16.0,21.36,MXF,XXMXFXX
132,17.63,1998-02-20T00:00:00,2/20/1998,1998-02-20,-15.45,20.85,MXF,XXMXFXX
133,17.81,1998-02-27T00:00:00,2/27/1998,1998-02-27,-18.58,21.88,MXF,XXMXFXX
134,17.94,1998-03-06T00:00:00,3/6/1998,1998-03-06,-17.91,21.86,MXF,XXMXFXX
135,17.56,1998-03-13T00:00:00,3/13/1998,1998-03-13,-18.69,21.6,MXF,XXMXFXX
136,18.06,1998-03-20T00:00:00,3/20/1998,1998-03-20,-17.76,21.96,MXF,XXMXFXX
137,18.31,1998-03-27T00:00:00,3/27/1998,1998-03-27,-19.3,22.69,MXF,XXMXFXX
138,18.19,1998-04-03T00:00:00,4/3/1998,1998-04-03,-19.42,22.57,MXF,XXMXFXX
139,18.38,1998-04-17T00:00:00,4/17/1998,1998-04-17,-20.89,23.23,MXF,XXMXFXX
140,18.25,1998-04-24T00:00:00,4/24/1998,1998-04-24,-21.25,23.18,MXF,XXMXFXX
141,18.19,1998-05-01T00:00:00,5/1/1998,1998-05-01,-21.42,23.15,MXF,XXMXFXX
142,17.38,1998-05-08T00:00:00,5/8/1998,1998-05-08,-23.23,22.64,MXF,XXMXFXX
143,16.88,1998-05-15T00:00:00,5/15/1998,1998-05-15,-23.14,21.96,MXF,XXMXFXX
144,16.5,1998-05-22T00:00:00,5/22/1998,1998-05-22,-21.66,21.06,MXF,XXMXFXX
145,15.88,1998-05-29T00:00:00,5/29/1998,1998-05-29,-21.43,20.21,MXF,XXMXFXX
146,16.25,1998-06-05T00:00:00,6/5/1998,1998-06-05,-20.87,20.54,MXF,XXMXFXX
147,14.25,1998-06-12T00:00:00,6/12/1998,1998-06-12,-21.63,18.18,MXF,XXMXFXX
148,14.69,1998-06-19T00:00:00,6/19/1998,1998-06-19,-22.39,18.93,MXF,XXMXFXX
149,14.31,1998-06-26T00:00:00,6/26/1998,1998-06-26,-19.82,17.85,MXF,XXMXFXX
150,15.5,1998-07-10T00:00:00,7/10/1998,1998-07-10,-20.48,19.49,MXF,XXMXFXX
151,16.38,1998-07-17T00:00:00,7/17/1998,1998-07-17,-18.53,20.11,MXF,XXMXFXX
152,15.25,1998-07-24T00:00:00,7/24/1998,1998-07-24,-21.11,19.33,MXF,XXMXFXX
153,14.38,1998-07-31T00:00:00,7/31/1998,1998-07-31,-21.53,18.33,MXF,XXMXFXX
154,12.75,1998-08-07T00:00:00,8/7/1998,1998-08-07,-23.91,16.76,MXF,XXMXFXX
155,12.0,1998-08-14T00:00:00,8/14/1998,1998-08-14,-20.94,15.18,MXF,XXMXFXX
156,10.75,1998-08-21T00:00:00,8/21/1998,1998-08-21,-23.86,14.12,MXF,XXMXFXX
157,9.75,1998-08-28T00:00:00,8/28/1998,1998-08-28,-21.77,12.46,MXF,XXMXFXX
158,8.75,1998-09-04T00:00:00,9/4/1998,1998-09-04,-25.63,11.77,MXF,XXMXFXX
159,8.0,1998-09-11T00:00:00,9/11/1998,1998-09-11,-25.05,10.67,MXF,XXMXFXX
160,9.81,1998-09-18T00:00:00,9/18/1998,1998-09-18,-26.11,13.28,MXF,XXMXFXX
161,10.13,1998-09-25T00:00:00,9/25/1998,1998-09-25,-27.06,13.89,MXF,XXMXFXX
162,9.75,1998-10-02T00:00:00,10/2/1998,1998-10-02,-26.35,13.24,MXF,XXMXFXX
163,9.75,1998-10-09T00:00:00,10/9/1998,1998-10-09,-24.83,12.97,MXF,XXMXFXX
164,10.97,1998-10-16T00:00:00,10/16/1998,1998-10-16,-22.92,14.23,MXF,XXMXFXX
165,11.31,1998-10-23T00:00:00,10/23/1998,1998-10-23,-23.32,14.75,MXF,XXMXFXX
166,11.25,1998-10-30T00:00:00,10/30/1998,1998-10-30,-24.22,14.85,MXF,XXMXFXX
167,12.19,1998-11-06T00:00:00,11/6/1998,1998-11-06,-22.57,15.74,MXF,XXMXFXX
168,11.41,1998-11-13T00:00:00,11/13/1998,1998-11-13,-22.94,14.81,MXF,XXMXFXX
169,11.63,1998-11-20T00:00:00,11/20/1998,1998-11-20,-21.8,14.87,MXF,XXMXFXX
170,10.84,1998-12-04T00:00:00,12/4/1998,1998-12-04,-24.14,14.29,MXF,XXMXFXX
171,10.97,1998-12-11T00:00:00,12/11/1998,1998-12-11,-24.09,14.45,MXF,XXMXFXX
172,11.28,1998-12-18T00:00:00,12/18/1998,1998-12-18,-24.21,14.88,MXF,XXMXFXX
173,10.88,1999-01-08T00:00:00,1/8/1999,1999-01-08,-22.51,14.04,MXF,XXMXFXX
174,9.94,1999-01-15T00:00:00,1/15/1999,1999-01-15,-16.26,11.87,MXF,XXMXFXX
175,10.13,1999-01-22T00:00:00,1/22/1999,1999-01-22,-24.57,13.43,MXF,XXMXFXX
176,11.19,1999-01-29T00:00:00,1/29/1999,1999-01-29,-23.69,14.66,MXF,XXMXFXX
177,11.47,1999-02-05T00:00:00,2/5/1999,1999-02-05,-23.03,14.9,MXF,XXMXFXX
178,11.72,1999-02-12T00:00:00,2/12/1999,1999-02-12,-23.89,15.4,MXF,XXMXFXX
179,12.5,1999-02-19T00:00:00,2/19/1999,1999-02-19,-20.02,15.63,MXF,XXMXFXX
180,12.63,1999-02-26T00:00:00,2/26/1999,1999-02-26,-20.07,15.8,MXF,XXMXFXX
181,13.0,1999-03-05T00:00:00,3/5/1999,1999-03-05,-18.61,15.97,MXF,XXMXFXX
182,13.81,1999-03-12T00:00:00,3/12/1999,1999-03-12,-20.93,17.47,MXF,XXMXFXX
183,14.5,1999-03-19T00:00:00,3/19/1999,1999-03-19,-19.7,18.06,MXF,XXMXFXX
184,14.19,1999-03-26T00:00:00,3/26/1999,1999-03-26,-21.21,18.01,MXF,XXMXFXX
185,15.56,1999-04-09T00:00:00,4/9/1999,1999-04-09,-20.25,19.51,MXF,XXMXFXX
186,16.81,1999-04-16T00:00:00,4/16/1999,1999-04-16,-19.05,20.77,MXF,XXMXFXX
187,17.13,1999-04-23T00:00:00,4/23/1999,1999-04-23,-19.4,21.25,MXF,XXMXFXX
188,17.56,1999-04-30T00:00:00,4/30/1999,1999-04-30,-15.59,20.8,MXF,XXMXFXX
189,19.0,1999-05-07T00:00:00,5/7/1999,1999-05-07,-13.78,22.04,MXF,XXMXFXX
190,17.94,1999-05-14T00:00:00,5/14/1999,1999-05-14,-18.34,21.97,MXF,XXMXFXX
191,17.38,1999-05-21T00:00:00,5/21/1999,1999-05-21,-17.59,21.09,MXF,XXMXFXX
192,16.06,1999-05-28T00:00:00,5/28/1999,1999-05-28,-17.41,19.45,MXF,XXMXFXX
193,15.5,1999-06-04T00:00:00,6/4/1999,1999-06-04,-21.26,19.68,MXF,XXMXFXX
194,15.44,1999-06-11T00:00:00,6/11/1999,1999-06-11,-20.64,19.46,MXF,XXMXFXX
195,17.06,1999-06-18T00:00:00,6/18/1999,1999-06-18,-20.09,21.35,MXF,XXMXFXX
196,16.63,1999-06-25T00:00:00,6/25/1999,1999-06-25,-19.28,20.6,MXF,XXMXFXX
197,17.31,1999-07-02T00:00:00,7/2/1999,1999-07-02,-22.03,22.2,MXF,XXMXFXX
198,17.25,1999-07-09T00:00:00,7/9/1999,1999-07-09,-22.3,22.2,MXF,XXMXFXX
199,16.94,1999-07-16T00:00:00,7/16/1999,1999-07-16,-23.49,22.14,MXF,XXMXFXX
200,15.63,1999-07-23T00:00:00,7/23/1999,1999-07-23,-25.28,20.92,MXF,XXMXFXX
201,14.81,1999-07-30T00:00:00,7/30/1999,1999-07-30,-25.31,19.83,MXF,XXMXFXX
202,14.19,1999-08-06T00:00:00,8/6/1999,1999-08-06,-24.34,18.76,MXF,XXMXFXX
203,15.13,1999-08-13T00:00:00,8/13/1999,1999-08-13,-24.49,20.04,MXF,XXMXFXX
204,14.56,1999-08-20T00:00:00,8/20/1999,1999-08-20,-24.15,19.2,MXF,XXMXFXX
205,14.75,1999-08-27T00:00:00,8/27/1999,1999-08-27,-24.88,19.64,MXF,XXMXFXX
206,14.31,1999-09-03T00:00:00,9/3/1999,1999-09-03,-24.85,19.04,MXF,XXMXFXX
207,14.19,1999-09-10T00:00:00,9/10/1999,1999-09-10,-22.57,18.33,MXF,XXMXFXX
208,13.94,1999-09-17T00:00:00,9/17/1999,1999-09-17,-26.5,18.97,MXF,XXMXFXX
209,13.94,1999-09-24T00:00:00,9/24/1999,1999-09-24,-25.33,18.67,MXF,XXMXFXX
210,13.88,1999-10-01T00:00:00,10/1/1999,1999-10-01,-25.08,18.53,MXF,XXMXFXX
211,14.44,1999-10-08T00:00:00,10/8/1999,1999-10-08,-24.29,19.07,MXF,XXMXFXX
212,12.63,1999-10-15T00:00:00,10/15/1999,1999-10-15,-25.98,17.06,MXF,XXMXFXX
213,13.38,1999-10-22T00:00:00,10/22/1999,1999-10-22,-25.11,17.87,MXF,XXMXFXX
214,14.31,1999-10-29T00:00:00,10/29/1999,1999-10-29,-23.55,18.72,MXF,XXMXFXX
215,15.5,1999-11-05T00:00:00,11/5/1999,1999-11-05,-23.99,20.39,MXF,XXMXFXX
216,16.56,1999-11-19T00:00:00,11/19/1999,1999-11-19,-24.53,21.94,MXF,XXMXFXX
217,16.69,1999-11-26T00:00:00,11/26/1999,1999-11-26,-24.46,22.1,MXF,XXMXFXX
218,16.81,1999-12-03T00:00:00,12/3/1999,1999-12-03,-23.15,21.88,MXF,XXMXFXX
219,17.75,1999-12-17T00:00:00,12/17/1999,1999-12-17,-23.03,23.06,MXF,XXMXFXX
220,17.38,1999-12-31T00:00:00,12/31/1999,1999-12-31,-25.62,23.37,MXF,XXMXFXX
221,17.13,2000-01-07T00:00:00,1/7/2000,2000-01-07,-26.06,23.17,MXF,XXMXFXX
222,17.88,2000-01-14T00:00:00,1/14/2000,2000-01-14,-25.52,24.01,MXF,XXMXFXX
223,17.0,2000-01-21T00:00:00,1/21/2000,2000-01-21,-23.78,22.31,MXF,XXMXFXX
224,16.06,2000-01-28T00:00:00,1/28/2000,2000-01-28,-24.6,21.3,MXF,XXMXFXX
225,18.0,2000-02-04T00:00:00,2/4/2000,2000-02-04,-20.96,22.77,MXF,XXMXFXX
226,17.75,2000-02-11T00:00:00,2/11/2000,2000-02-11,-24.78,23.6,MXF,XXMXFXX
227,16.94,2000-02-18T00:00:00,2/18/2000,2000-02-18,-25.52,22.75,MXF,XXMXFXX
228,17.13,2000-02-25T00:00:00,2/25/2000,2000-02-25,-24.5,22.69,MXF,XXMXFXX
229,18.69,2000-03-03T00:00:00,3/3/2000,2000-03-03,-25.53,25.1,MXF,XXMXFXX
230,18.81,2000-03-10T00:00:00,3/10/2000,2000-03-10,-25.34,25.19,MXF,XXMXFXX
231,18.0,2000-03-17T00:00:00,3/17/2000,2000-03-17,-27.48,24.82,MXF,XXMXFXX
232,18.25,2000-03-24T00:00:00,3/24/2000,2000-03-24,-27.83,25.29,MXF,XXMXFXX
233,17.56,2000-03-31T00:00:00,3/31/2000,2000-03-31,-24.85,23.37,MXF,XXMXFXX
234,17.19,2000-04-07T00:00:00,4/7/2000,2000-04-07,-27.35,23.66,MXF,XXMXFXX
235,14.19,2000-04-14T00:00:00,4/14/2000,2000-04-14,-29.01,19.99,MXF,XXMXFXX
236,15.13,2000-04-28T00:00:00,4/28/2000,2000-04-28,-27.67,20.92,MXF,XXMXFXX
237,14.56,2000-05-05T00:00:00,5/5/2000,2000-05-05,-29.13,20.55,MXF,XXMXFXX
238,13.88,2000-05-12T00:00:00,5/12/2000,2000-05-12,-29.28,19.63,MXF,XXMXFXX
239,13.25,2000-05-19T00:00:00,5/19/2000,2000-05-19,-27.77,18.35,MXF,XXMXFXX
240,12.63,2000-05-26T00:00:00,5/26/2000,2000-05-26,-30.46,18.16,MXF,XXMXFXX
241,14.63,2000-06-02T00:00:00,6/2/2000,2000-06-02,-29.35,20.71,MXF,XXMXFXX
242,14.13,2000-06-09T00:00:00,6/9/2000,2000-06-09,-26.97,19.35,MXF,XXMXFXX
243,13.75,2000-06-16T00:00:00,6/16/2000,2000-06-16,-29.64,19.54,MXF,XXMXFXX
244,13.88,2000-06-23T00:00:00,6/23/2000,2000-06-23,-28.12,19.31,MXF,XXMXFXX
245,14.88,2000-06-30T00:00:00,6/30/2000,2000-06-30,-28.93,20.94,MXF,XXMXFXX
246,16.31,2000-07-07T00:00:00,7/7/2000,2000-07-07,-28.59,22.84,MXF,XXMXFXX
247,17.13,2000-07-14T00:00:00,7/14/2000,2000-07-14,-26.54,23.32,MXF,XXMXFXX
248,15.75,2000-07-21T00:00:00,7/21/2000,2000-07-21,-28.44,22.01,MXF,XXMXFXX
249,15.0,2000-07-28T00:00:00,7/28/2000,2000-07-28,-27.43,20.67,MXF,XXMXFXX
250,15.31,2000-08-04T00:00:00,8/4/2000,2000-08-04,-28.67,21.46,MXF,XXMXFXX
251,15.44,2000-08-11T00:00:00,8/11/2000,2000-08-11,-28.06,21.46,MXF,XXMXFXX
252,15.75,2000-08-18T00:00:00,8/18/2000,2000-08-18,-25.22,21.06,MXF,XXMXFXX
253,16.13,2000-08-25T00:00:00,8/25/2000,2000-08-25,-21.89,20.65,MXF,XXMXFXX
254,17.25,2000-09-01T00:00:00,9/1/2000,2000-09-01,-22.56,22.28,MXF,XXMXFXX
255,17.38,2000-09-08T00:00:00,9/8/2000,2000-09-08,-22.25,22.35,MXF,XXMXFXX
256,16.81,2000-09-15T00:00:00,9/15/2000,2000-09-15,-23.49,21.97,MXF,XXMXFXX
257,16.31,2000-09-22T00:00:00,9/22/2000,2000-09-22,-21.56,20.79,MXF,XXMXFXX
258,15.75,2000-09-29T00:00:00,9/29/2000,2000-09-29,-21.47,20.06,MXF,XXMXFXX
259,15.06,2000-10-06T00:00:00,10/6/2000,2000-10-06,-23.04,19.57,MXF,XXMXFXX
260,14.63,2000-10-13T00:00:00,10/13/2000,2000-10-13,-20.62,18.43,MXF,XXMXFXX
261,15.38,2000-10-20T00:00:00,10/20/2000,2000-10-20,-18.13,18.79,MXF,XXMXFXX
262,15.56,2000-10-27T00:00:00,10/27/2000,2000-10-27,-19.22,19.26,MXF,XXMXFXX
263,15.25,2000-11-03T00:00:00,11/3/2000,2000-11-03,-22.38,19.65,MXF,XXMXFXX
264,15.44,2000-11-17T00:00:00,11/17/2000,2000-11-17,-23.02,20.06,MXF,XXMXFXX
265,15.19,2000-11-24T00:00:00,11/24/2000,2000-11-24,-22.15,19.51,MXF,XXMXFXX
266,14.69,2000-12-01T00:00:00,12/1/2000,2000-12-01,-18.87,18.11,MXF,XXMXFXX
267,15.63,2000-12-08T00:00:00,12/8/2000,2000-12-08,-16.2,18.65,MXF,XXMXFXX
268,15.19,2000-12-15T00:00:00,12/15/2000,2000-12-15,-14.89,17.85,MXF,XXMXFXX
269,14.81,2000-12-22T00:00:00,12/22/2000,2000-12-22,-14.26,17.27,MXF,XXMXFXX
270,14.81,2000-12-29T00:00:00,12/29/2000,2000-12-29,-16.48,17.73,MXF,XXMXFXX
271,15.13,2001-01-05T00:00:00,1/5/2001,2001-01-05,-16.48,18.12,MXF,XXMXFXX
272,15.31,2001-01-12T00:00:00,1/12/2001,2001-01-12,-14.63,17.93,MXF,XXMXFXX
273,15.5,2001-01-19T00:00:00,1/19/2001,2001-01-19,-17.99,18.9,MXF,XXMXFXX
274,16.75,2001-01-26T00:00:00,1/26/2001,2001-01-26,-14.53,19.6,MXF,XXMXFXX
275,16.88,2001-02-02T00:00:00,2/2/2001,2001-02-02,-14.79,19.81,MXF,XXMXFXX
276,16.6,2001-02-09T00:00:00,2/9/2001,2001-02-09,-13.52,19.2,MXF,XXMXFXX
277,16.76,2001-02-16T00:00:00,2/16/2001,2001-02-16,-13.72,19.43,MXF,XXMXFXX
278,15.7,2001-02-23T00:00:00,2/23/2001,2001-02-23,-14.15,18.29,MXF,XXMXFXX
279,16.12,2001-03-02T00:00:00,3/2/2001,2001-03-02,-14.75,18.91,MXF,XXMXFXX
280,17.14,2001-03-09T00:00:00,3/9/2001,2001-03-09,-11.15,19.29,MXF,XXMXFXX
281,16.01,2001-03-16T00:00:00,3/16/2001,2001-03-16,-12.27,18.25,MXF,XXMXFXX
282,15.15,2001-03-23T00:00:00,3/23/2001,2001-03-23,-13.49,17.51,MXF,XXMXFXX
283,15.78,2001-03-30T00:00:00,3/30/2001,2001-03-30,-12.99,18.14,MXF,XXMXFXX
284,15.66,2001-04-06T00:00:00,4/6/2001,2001-04-06,-14.14,18.24,MXF,XXMXFXX
285,16.71,2001-04-13T00:00:00,4/13/2001,2001-04-13,-13.9,19.41,MXF,XXMXFXX
286,16.0,2001-04-20T00:00:00,4/20/2001,2001-04-20,-15.86,19.02,MXF,XXMXFXX
287,16.95,2001-04-27T00:00:00,4/27/2001,2001-04-27,-12.92,19.46,MXF,XXMXFXX
288,17.15,2001-05-04T00:00:00,5/4/2001,2001-05-04,-13.59,19.85,MXF,XXMXFXX
289,17.45,2001-05-11T00:00:00,5/11/2001,2001-05-11,-12.33,19.9,MXF,XXMXFXX
290,18.69,2001-05-18T00:00:00,5/18/2001,2001-05-18,-14.22,21.79,MXF,XXMXFXX
291,19.16,2001-05-25T00:00:00,5/25/2001,2001-05-25,-13.43,22.13,MXF,XXMXFXX
292,19.0,2001-06-01T00:00:00,6/1/2001,2001-06-01,-12.64,21.75,MXF,XXMXFXX
293,19.7,2001-06-08T00:00:00,6/8/2001,2001-06-08,-12.5,22.52,MXF,XXMXFXX
294,19.53,2001-06-15T00:00:00,6/15/2001,2001-06-15,-12.14,22.23,MXF,XXMXFXX
295,18.98,2001-06-22T00:00:00,6/22/2001,2001-06-22,-12.81,21.77,MXF,XXMXFXX
296,19.38,2001-06-29T00:00:00,6/29/2001,2001-06-29,-12.29,22.1,MXF,XXMXFXX
297,19.3,2001-07-06T00:00:00,7/6/2001,2001-07-06,-12.42,22.04,MXF,XXMXFXX
298,18.1,2001-07-13T00:00:00,7/13/2001,2001-07-13,-12.43,20.67,MXF,XXMXFXX
299,18.31,2001-07-20T00:00:00,7/20/2001,2001-07-20,-12.39,20.9,MXF,XXMXFXX
300,18.74,2001-07-27T00:00:00,7/27/2001,2001-07-27,-11.82,21.25,MXF,XXMXFXX
301,19.33,2001-08-03T00:00:00,8/3/2001,2001-08-03,-11.71,21.89,MXF,XXMXFXX
302,19.44,2001-08-10T00:00:00,8/10/2001,2001-08-10,-10.66,21.76,MXF,XXMXFXX
303,18.36,2001-08-17T00:00:00,8/17/2001,2001-08-17,-10.51,20.52,MXF,XXMXFXX
304,18.68,2001-08-24T00:00:00,8/24/2001,2001-08-24,-11.59,21.13,MXF,XXMXFXX
305,18.52,2001-08-31T00:00:00,8/31/2001,2001-08-31,-10.28,20.64,MXF,XXMXFXX
306,16.95,2001-09-07T00:00:00,9/7/2001,2001-09-07,-10.59,18.96,MXF,XXMXFXX
307,14.14,2001-09-21T00:00:00,9/21/2001,2001-09-21,-14.2,16.48,MXF,XXMXFXX
308,15.28,2001-09-28T00:00:00,9/28/2001,2001-09-28,-12.13,17.39,MXF,XXMXFXX
309,15.68,2001-10-05T00:00:00,10/5/2001,2001-10-05,-11.63,17.74,MXF,XXMXFXX
310,16.25,2001-10-12T00:00:00,10/12/2001,2001-10-12,-11.42,18.35,MXF,XXMXFXX
311,16.22,2001-10-19T00:00:00,10/19/2001,2001-10-19,-11.63,18.36,MXF,XXMXFXX
312,16.84,2001-10-26T00:00:00,10/26/2001,2001-10-26,-9.06,18.52,MXF,XXMXFXX
313,16.75,2001-11-02T00:00:00,11/2/2001,2001-11-02,-8.88,18.38,MXF,XXMXFXX
314,17.14,2001-11-09T00:00:00,11/9/2001,2001-11-09,-6.72,18.37,MXF,XXMXFXX
315,14.95,2001-11-16T00:00:00,11/16/2001,2001-11-16,-7.73,16.2,MXF,XXMXFXX
316,14.96,2001-11-23T00:00:00,11/23/2001,2001-11-23,-7.72,16.21,MXF,XXMXFXX
317,14.93,2001-11-30T00:00:00,11/30/2001,2001-11-30,-8.99,16.4,MXF,XXMXFXX
318,15.55,2001-12-07T00:00:00,12/7/2001,2001-12-07,-10.08,17.29,MXF,XXMXFXX
319,15.53,2001-12-14T00:00:00,12/14/2001,2001-12-14,-10.93,17.44,MXF,XXMXFXX
320,16.2,2001-12-21T00:00:00,12/21/2001,2001-12-21,-9.91,17.98,MXF,XXMXFXX
321,16.59,2001-12-28T00:00:00,12/28/2001,2001-12-28,-6.75,17.79,MXF,XXMXFXX
322,17.03,2002-01-04T00:00:00,1/4/2002,2002-01-04,-6.83,18.28,MXF,XXMXFXX
323,16.31,2002-01-11T00:00:00,1/11/2002,2002-01-11,-6.82,17.5,MXF,XXMXFXX
324,16.97,2002-01-18T00:00:00,1/18/2002,2002-01-18,-7.21,18.29,MXF,XXMXFXX
325,17.34,2002-01-25T00:00:00,1/25/2002,2002-01-25,-7.46,18.74,MXF,XXMXFXX
326,17.41,2002-02-01T00:00:00,2/1/2002,2002-02-01,-6.94,18.71,MXF,XXMXFXX
327,16.88,2002-02-08T00:00:00,2/8/2002,2002-02-08,-6.77,18.11,MXF,XXMXFXX
328,16.9,2002-02-15T00:00:00,2/15/2002,2002-02-15,-8.02,18.37,MXF,XXMXFXX
329,16.55,2002-02-22T00:00:00,2/22/2002,2002-02-22,-6.42,17.69,MXF,XXMXFXX
330,17.41,2002-03-01T00:00:00,3/1/2002,2002-03-01,-7.6,18.84,MXF,XXMXFXX
331,19.21,2002-03-08T00:00:00,3/8/2002,2002-03-08,-2.69,19.74,MXF,XXMXFXX
332,19.35,2002-03-15T00:00:00,3/15/2002,2002-03-15,-2.6,19.87,MXF,XXMXFXX
333,19.79,2002-03-22T00:00:00,3/22/2002,2002-03-22,-3.09,20.42,MXF,XXMXFXX
334,19.5,2002-04-05T00:00:00,4/5/2002,2002-04-05,-3.29,20.16,MXF,XXMXFXX
335,19.61,2002-04-12T00:00:00,4/12/2002,2002-04-12,-3.16,20.25,MXF,XXMXFXX
336,19.68,2002-04-19T00:00:00,4/19/2002,2002-04-19,-2.58,20.2,MXF,XXMXFXX
337,19.37,2002-04-26T00:00:00,4/26/2002,2002-04-26,-2.82,19.93,MXF,XXMXFXX
338,19.36,2002-05-03T00:00:00,5/3/2002,2002-05-03,-1.74,19.7,MXF,XXMXFXX
339,18.9,2002-05-10T00:00:00,5/10/2002,2002-05-10,-1.44,19.18,MXF,XXMXFXX
340,19.47,2002-05-17T00:00:00,5/17/2002,2002-05-17,-1.61,19.79,MXF,XXMXFXX
341,18.96,2002-05-24T00:00:00,5/24/2002,2002-05-24,-0.99,19.15,MXF,XXMXFXX
342,17.99,2002-05-31T00:00:00,5/31/2002,2002-05-31,-0.7,18.12,MXF,XXMXFXX
343,17.06,2002-06-07T00:00:00,6/7/2002,2002-06-07,-4.87,17.93,MXF,XXMXFXX
344,17.3,2002-06-14T00:00:00,6/14/2002,2002-06-14,-2.18,17.69,MXF,XXMXFXX
345,16.45,2002-06-21T00:00:00,6/21/2002,2002-06-21,-1.38,16.68,MXF,XXMXFXX
346,16.34,2002-06-28T00:00:00,6/28/2002,2002-06-28,-1.54,16.6,MXF,XXMXFXX
347,16.24,2002-07-05T00:00:00,7/5/2002,2002-07-05,-2.7,16.69,MXF,XXMXFXX
348,16.15,2002-07-12T00:00:00,7/12/2002,2002-07-12,-3.79,16.79,MXF,XXMXFXX
349,16.15,2002-07-19T00:00:00,7/19/2002,2002-07-19,-2.73,16.6,MXF,XXMXFXX
350,14.9,2002-07-26T00:00:00,7/26/2002,2002-07-26,-2.88,15.34,MXF,XXMXFXX
351,14.46,2002-08-02T00:00:00,8/2/2002,2002-08-02,-0.93,14.6,MXF,XXMXFXX
352,15.55,2002-08-09T00:00:00,8/9/2002,2002-08-09,0.92,15.41,MXF,XXMXFXX
353,15.55,2002-08-16T00:00:00,8/16/2002,2002-08-16,-2.82,16.0,MXF,XXMXFXX
354,15.45,2002-08-23T00:00:00,8/23/2002,2002-08-23,-2.63,15.87,MXF,XXMXFXX
355,15.37,2002-08-30T00:00:00,8/30/2002,2002-08-30,-3.43,15.92,MXF,XXMXFXX
356,15.01,2002-09-06T00:00:00,9/6/2002,2002-09-06,-3.31,15.52,MXF,XXMXFXX
357,15.2,2002-09-13T00:00:00,9/13/2002,2002-09-13,-2.93,15.66,MXF,XXMXFXX
358,14.12,2002-09-20T00:00:00,9/20/2002,2002-09-20,-0.93,14.25,MXF,XXMXFXX
359,14.28,2002-09-27T00:00:00,9/27/2002,2002-09-27,-0.8,14.4,MXF,XXMXFXX
360,14.3,2002-10-04T00:00:00,10/4/2002,2002-10-04,-1.38,14.5,MXF,XXMXFXX
361,14.34,2002-10-11T00:00:00,10/11/2002,2002-10-11,-1.04,14.49,MXF,XXMXFXX
362,14.89,2002-10-18T00:00:00,10/18/2002,2002-10-18,-1.34,15.09,MXF,XXMXFXX
363,14.82,2002-10-25T00:00:00,10/25/2002,2002-10-25,-0.93,14.96,MXF,XXMXFXX
364,14.31,2002-11-01T00:00:00,11/1/2002,2002-11-01,-4.09,14.92,MXF,XXMXFXX
365,13.95,2002-11-08T00:00:00,11/8/2002,2002-11-08,-4.74,14.64,MXF,XXMXFXX
366,13.8,2002-11-15T00:00:00,11/15/2002,2002-11-15,-3.88,14.36,MXF,XXMXFXX
367,13.92,2002-11-22T00:00:00,11/22/2002,2002-11-22,-3.49,14.42,MXF,XXMXFXX
368,14.56,2002-11-29T00:00:00,11/29/2002,2002-11-29,-4.62,15.27,MXF,XXMXFXX
369,14.26,2002-12-06T00:00:00,12/6/2002,2002-12-06,-4.92,15.0,MXF,XXMXFXX
370,13.9,2002-12-13T00:00:00,12/13/2002,2002-12-13,-7.85,15.08,MXF,XXMXFXX
371,12.32,2002-12-20T00:00:00,12/20/2002,2002-12-20,-8.13,13.41,MXF,XXMXFXX
372,11.95,2002-12-27T00:00:00,12/27/2002,2002-12-27,-9.27,13.17,MXF,XXMXFXX
373,12.02,2003-01-03T00:00:00,1/3/2003,2003-01-03,-9.92,13.34,MXF,XXMXFXX
374,12.08,2003-01-10T00:00:00,1/10/2003,2003-01-10,-9.92,13.41,MXF,XXMXFXX
375,11.93,2003-01-17T00:00:00,1/17/2003,2003-01-17,-7.47,12.89,MXF,XXMXFXX
376,11.01,2003-01-24T00:00:00,1/24/2003,2003-01-24,-9.86,12.21,MXF,XXMXFXX
377,10.96,2003-01-31T00:00:00,1/31/2003,2003-01-31,-8.84,12.02,MXF,XXMXFXX
378,10.57,2003-02-07T00:00:00,2/7/2003,2003-02-07,-10.88,11.86,MXF,XXMXFXX
379,10.94,2003-02-21T00:00:00,2/21/2003,2003-02-21,-8.86,12.0,MXF,XXMXFXX
380,10.71,2003-02-28T00:00:00,2/28/2003,2003-02-28,-9.99,11.9,MXF,XXMXFXX
381,10.8,2003-03-14T00:00:00,3/14/2003,2003-03-14,-11.3,12.18,MXF,XXMXFXX
382,11.14,2003-03-28T00:00:00,3/28/2003,2003-03-28,-9.99,12.38,MXF,XXMXFXX
383,11.48,2003-04-04T00:00:00,4/4/2003,2003-04-04,-9.49,12.68,MXF,XXMXFXX
384,11.6,2003-04-11T00:00:00,4/11/2003,2003-04-11,-8.95,12.74,MXF,XXMXFXX
385,12.05,2003-04-25T00:00:00,4/25/2003,2003-04-25,-11.09,13.55,MXF,XXMXFXX
386,12.79,2003-05-02T00:00:00,5/2/2003,2003-05-02,-10.38,14.27,MXF,XXMXFXX
387,13.13,2003-05-09T00:00:00,5/9/2003,2003-05-09,-9.03,14.43,MXF,XXMXFXX
388,13.1,2003-05-16T00:00:00,5/16/2003,2003-05-16,-7.58,14.18,MXF,XXMXFXX
389,13.03,2003-05-23T00:00:00,5/23/2003,2003-05-23,-9.12,14.34,MXF,XXMXFXX
390,13.4,2003-05-30T00:00:00,5/30/2003,2003-05-30,-7.28,14.45,MXF,XXMXFXX
391,13.29,2003-06-06T00:00:00,6/6/2003,2003-06-06,-7.8,14.41,MXF,XXMXFXX
392,13.29,2003-06-13T00:00:00,6/13/2003,2003-06-13,-8.7,14.56,MXF,XXMXFXX
393,13.7,2003-06-20T00:00:00,6/20/2003,2003-06-20,-8.53,14.98,MXF,XXMXFXX
394,13.87,2003-06-27T00:00:00,6/27/2003,2003-06-27,-8.39,15.14,MXF,XXMXFXX
395,14.24,2003-07-11T00:00:00,7/11/2003,2003-07-11,-6.07,15.16,MXF,XXMXFXX
396,13.92,2003-07-18T00:00:00,7/18/2003,2003-07-18,-7.95,15.12,MXF,XXMXFXX
397,14.08,2003-07-25T00:00:00,7/25/2003,2003-07-25,-9.24,15.51,MXF,XXMXFXX
398,14.23,2003-08-01T00:00:00,8/1/2003,2003-08-01,-7.07,15.31,MXF,XXMXFXX
399,14.09,2003-08-08T00:00:00,8/8/2003,2003-08-08,-7.81,15.28,MXF,XXMXFXX
400,14.42,2003-08-15T00:00:00,8/15/2003,2003-08-15,-6.36,15.4,MXF,XXMXFXX
401,14.5,2003-08-22T00:00:00,8/22/2003,2003-08-22,-6.31,15.48,MXF,XXMXFXX
402,14.34,2003-08-29T00:00:00,8/29/2003,2003-08-29,-7.11,15.44,MXF,XXMXFXX
403,14.9,2003-09-05T00:00:00,9/5/2003,2003-09-05,-6.5,15.94,MXF,XXMXFXX
404,14.46,2003-09-12T00:00:00,9/12/2003,2003-09-12,-8.32,15.77,MXF,XXMXFXX
405,15.02,2003-09-19T00:00:00,9/19/2003,2003-09-19,-7.3,16.2,MXF,XXMXFXX
406,14.82,2003-09-26T00:00:00,9/26/2003,2003-09-26,-7.17,15.96,MXF,XXMXFXX
407,14.82,2003-10-03T00:00:00,10/3/2003,2003-10-03,-5.75,15.72,MXF,XXMXFXX
408,14.8,2003-10-10T00:00:00,10/10/2003,2003-10-10,-8.11,16.11,MXF,XXMXFXX
409,14.64,2003-10-17T00:00:00,10/17/2003,2003-10-17,-7.46,15.82,MXF,XXMXFXX
410,14.69,2003-10-24T00:00:00,10/24/2003,2003-10-24,-8.42,16.04,MXF,XXMXFXX
411,15.36,2003-10-31T00:00:00,10/31/2003,2003-10-31,-7.49,16.6,MXF,XXMXFXX
412,16.0,2003-11-07T00:00:00,11/7/2003,2003-11-07,-7.53,17.3,MXF,XXMXFXX
413,15.77,2003-11-28T00:00:00,11/28/2003,2003-11-28,-6.48,16.86,MXF,XXMXFXX
414,15.79,2003-12-05T00:00:00,12/5/2003,2003-12-05,-7.98,17.16,MXF,XXMXFXX
415,15.9,2003-12-19T00:00:00,12/19/2003,2003-12-19,-6.34,16.98,MXF,XXMXFXX
416,16.0,2003-12-26T00:00:00,12/26/2003,2003-12-26,-6.96,17.2,MXF,XXMXFXX
417,16.7,2004-01-02T00:00:00,1/2/2004,2004-01-02,-6.28,17.82,MXF,XXMXFXX
418,17.64,2004-01-09T00:00:00,1/9/2004,2004-01-09,-5.76,18.72,MXF,XXMXFXX
419,18.1,2004-01-16T00:00:00,1/16/2004,2004-01-16,-5.15,19.08,MXF,XXMXFXX
420,18.62,2004-01-23T00:00:00,1/23/2004,2004-01-23,-4.76,19.55,MXF,XXMXFXX
421,18.4,2004-01-30T00:00:00,1/30/2004,2004-01-30,-5.42,19.46,MXF,XXMXFXX
422,19.16,2004-02-06T00:00:00,2/6/2004,2004-02-06,-4.02,19.96,MXF,XXMXFXX
423,19.74,2004-02-13T00:00:00,2/13/2004,2004-02-13,-4.45,20.66,MXF,XXMXFXX
424,19.32,2004-02-20T00:00:00,2/20/2004,2004-02-20,-6.44,20.65,MXF,XXMXFXX
425,19.54,2004-02-27T00:00:00,2/27/2004,2004-02-27,-5.42,20.66,MXF,XXMXFXX
426,20.22,2004-03-05T00:00:00,3/5/2004,2004-03-05,-4.73,21.22,MXF,XXMXFXX
427,19.15,2004-03-12T00:00:00,3/12/2004,2004-03-12,-5.52,20.27,MXF,XXMXFXX
428,19.65,2004-03-19T00:00:00,3/19/2004,2004-03-19,-5.28,20.75,MXF,XXMXFXX
429,20.11,2004-03-26T00:00:00,3/26/2004,2004-03-26,-5.42,21.26,MXF,XXMXFXX
430,20.88,2004-04-02T00:00:00,4/2/2004,2004-04-02,-2.15,21.34,MXF,XXMXFXX
431,20.04,2004-04-16T00:00:00,4/16/2004,2004-04-16,-5.84,21.28,MXF,XXMXFXX
432,20.1,2004-04-23T00:00:00,4/23/2004,2004-04-23,-5.43,21.25,MXF,XXMXFXX
433,18.65,2004-04-30T00:00:00,4/30/2004,2004-04-30,-4.6,19.55,MXF,XXMXFXX
434,18.11,2004-05-07T00:00:00,5/7/2004,2004-05-07,-6.03,19.27,MXF,XXMXFXX
435,18.26,2004-05-14T00:00:00,5/14/2004,2004-05-14,-5.02,19.23,MXF,XXMXFXX
436,18.39,2004-05-21T00:00:00,5/21/2004,2004-05-21,-4.91,19.34,MXF,XXMXFXX
437,19.3,2004-05-28T00:00:00,5/28/2004,2004-05-28,-3.77,20.06,MXF,XXMXFXX
438,19.17,2004-06-04T00:00:00,6/4/2004,2004-06-04,-4.56,20.09,MXF,XXMXFXX
439,19.55,2004-06-18T00:00:00,6/18/2004,2004-06-18,-4.84,20.55,MXF,XXMXFXX
440,19.37,2004-06-25T00:00:00,6/25/2004,2004-06-25,-5.28,20.45,MXF,XXMXFXX
441,19.33,2004-07-02T00:00:00,7/2/2004,2004-07-02,-5.47,20.45,MXF,XXMXFXX
442,19.24,2004-07-09T00:00:00,7/9/2004,2004-07-09,-4.03,20.05,MXF,XXMXFXX
443,19.25,2004-07-16T00:00:00,7/16/2004,2004-07-16,-3.43,19.93,MXF,XXMXFXX
444,19.05,2004-07-23T00:00:00,7/23/2004,2004-07-23,-4.29,19.9,MXF,XXMXFXX
445,19.45,2004-07-30T00:00:00,7/30/2004,2004-07-30,-4.75,20.42,MXF,XXMXFXX
446,18.9,2004-08-06T00:00:00,8/6/2004,2004-08-06,-5.0,19.9,MXF,XXMXFXX
447,18.7,2004-08-13T00:00:00,8/13/2004,2004-08-13,-5.0,19.68,MXF,XXMXFXX
448,19.03,2004-08-20T00:00:00,8/20/2004,2004-08-20,-6.28,20.31,MXF,XXMXFXX
449,19.11,2004-08-27T00:00:00,8/27/2004,2004-08-27,-6.02,20.34,MXF,XXMXFXX
450,19.11,2004-09-03T00:00:00,9/3/2004,2004-09-03,-5.62,20.25,MXF,XXMXFXX
451,19.17,2004-09-10T00:00:00,9/10/2004,2004-09-10,-7.64,20.76,MXF,XXMXFXX
452,19.7,2004-09-17T00:00:00,9/17/2004,2004-09-17,-7.76,21.36,MXF,XXMXFXX
453,18.8,2004-09-24T00:00:00,9/24/2004,2004-09-24,-10.05,20.9,MXF,XXMXFXX
454,18.92,2004-10-01T00:00:00,10/1/2004,2004-10-01,-12.49,21.62,MXF,XXMXFXX
455,19.23,2004-10-08T00:00:00,10/8/2004,2004-10-08,-11.26,21.67,MXF,XXMXFXX
456,18.74,2004-10-15T00:00:00,10/15/2004,2004-10-15,-11.77,21.24,MXF,XXMXFXX
457,18.42,2004-10-22T00:00:00,10/22/2004,2004-10-22,-14.56,21.56,MXF,XXMXFXX
458,18.65,2004-10-29T00:00:00,10/29/2004,2004-10-29,-14.92,21.92,MXF,XXMXFXX
459,19.14,2004-11-05T00:00:00,11/5/2004,2004-11-05,-15.46,22.64,MXF,XXMXFXX
460,19.86,2004-11-12T00:00:00,11/12/2004,2004-11-12,-13.73,23.02,MXF,XXMXFXX
461,19.85,2004-11-19T00:00:00,11/19/2004,2004-11-19,-13.7,23.0,MXF,XXMXFXX
462,20.39,2004-11-26T00:00:00,11/26/2004,2004-11-26,-14.18,23.76,MXF,XXMXFXX
463,21.05,2004-12-03T00:00:00,12/3/2004,2004-12-03,-13.2,24.25,MXF,XXMXFXX
464,20.89,2004-12-10T00:00:00,12/10/2004,2004-12-10,-13.14,24.05,MXF,XXMXFXX
465,21.45,2004-12-17T00:00:00,12/17/2004,2004-12-17,-13.54,24.81,MXF,XXMXFXX
466,20.83,2005-01-07T00:00:00,1/7/2005,2005-01-07,-11.96,23.66,MXF,XXMXFXX
467,21.6,2005-01-14T00:00:00,1/14/2005,2005-01-14,-11.44,24.39,MXF,XXMXFXX
468,21.52,2005-01-21T00:00:00,1/21/2005,2005-01-21,-11.77,24.39,MXF,XXMXFXX
469,21.75,2005-01-28T00:00:00,1/28/2005,2005-01-28,-13.31,25.09,MXF,XXMXFXX
470,23.61,2005-02-04T00:00:00,2/4/2005,2005-02-04,-9.71,26.15,MXF,XXMXFXX
471,23.81,2005-02-11T00:00:00,2/11/2005,2005-02-11,-10.15,26.5,MXF,XXMXFXX
472,23.32,2005-02-18T00:00:00,2/18/2005,2005-02-18,-12.33,26.6,MXF,XXMXFXX
473,23.67,2005-02-25T00:00:00,2/25/2005,2005-02-25,-12.27,26.98,MXF,XXMXFXX
474,23.72,2005-03-04T00:00:00,3/4/2005,2005-03-04,-12.67,27.16,MXF,XXMXFXX
475,23.34,2005-03-11T00:00:00,3/11/2005,2005-03-11,-12.09,26.55,MXF,XXMXFXX
476,22.09,2005-03-18T00:00:00,3/18/2005,2005-03-18,-13.07,25.41,MXF,XXMXFXX
477,21.63,2005-04-01T00:00:00,4/1/2005,2005-04-01,-12.68,24.77,MXF,XXMXFXX
478,21.4,2005-04-08T00:00:00,4/8/2005,2005-04-08,-12.33,24.41,MXF,XXMXFXX
479,20.63,2005-04-15T00:00:00,4/15/2005,2005-04-15,-11.61,23.34,MXF,XXMXFXX
480,20.6,2005-04-22T00:00:00,4/22/2005,2005-04-22,-13.66,23.86,MXF,XXMXFXX
481,21.3,2005-04-29T00:00:00,4/29/2005,2005-04-29,-12.13,24.24,MXF,XXMXFXX
482,22.19,2005-05-06T00:00:00,5/6/2005,2005-05-06,-11.52,25.08,MXF,XXMXFXX
483,21.48,2005-05-13T00:00:00,5/13/2005,2005-05-13,-12.54,24.56,MXF,XXMXFXX
484,22.53,2005-05-20T00:00:00,5/20/2005,2005-05-20,-12.3,25.69,MXF,XXMXFXX
485,22.84,2005-05-27T00:00:00,5/27/2005,2005-05-27,-13.22,26.32,MXF,XXMXFXX
486,23.31,2005-06-03T00:00:00,6/3/2005,2005-06-03,-12.99,26.79,MXF,XXMXFXX
487,23.54,2005-06-10T00:00:00,6/10/2005,2005-06-10,-11.57,26.62,MXF,XXMXFXX
488,24.26,2005-06-17T00:00:00,6/17/2005,2005-06-17,-11.88,27.53,MXF,XXMXFXX
489,23.65,2005-06-24T00:00:00,6/24/2005,2005-06-24,-12.96,27.17,MXF,XXMXFXX
490,24.1,2005-07-01T00:00:00,7/1/2005,2005-07-01,-12.71,27.61,MXF,XXMXFXX
491,24.89,2005-07-08T00:00:00,7/8/2005,2005-07-08,-11.8,28.22,MXF,XXMXFXX
492,25.3,2005-07-15T00:00:00,7/15/2005,2005-07-15,-11.79,28.68,MXF,XXMXFXX
493,26.02,2005-07-22T00:00:00,7/22/2005,2005-07-22,-11.53,29.41,MXF,XXMXFXX
494,26.6,2005-07-29T00:00:00,7/29/2005,2005-07-29,-10.68,29.78,MXF,XXMXFXX
495,26.3,2005-08-05T00:00:00,8/5/2005,2005-08-05,-12.62,30.1,MXF,XXMXFXX
496,26.7,2005-08-12T00:00:00,8/12/2005,2005-08-12,-12.4,30.48,MXF,XXMXFXX
497,26.6,2005-08-19T00:00:00,8/19/2005,2005-08-19,-11.6,30.09,MXF,XXMXFXX
498,25.99,2005-08-26T00:00:00,8/26/2005,2005-08-26,-11.63,29.41,MXF,XXMXFXX
499,26.64,2005-09-02T00:00:00,9/2/2005,2005-09-02,-12.34,30.39,MXF,XXMXFXX
500,27.2,2005-09-09T00:00:00,9/9/2005,2005-09-09,-12.65,31.14,MXF,XXMXFXX
501,27.56,2005-09-23T00:00:00,9/23/2005,2005-09-23,-13.01,31.68,MXF,XXMXFXX
502,28.44,2005-09-30T00:00:00,9/30/2005,2005-09-30,-12.81,32.62,MXF,XXMXFXX
503,27.31,2005-10-07T00:00:00,10/7/2005,2005-10-07,-12.36,31.16,MXF,XXMXFXX
504,26.06,2005-10-14T00:00:00,10/14/2005,2005-10-14,-12.61,29.82,MXF,XXMXFXX
505,26.33,2005-10-21T00:00:00,10/21/2005,2005-10-21,-12.41,30.06,MXF,XXMXFXX
506,27.4,2005-10-28T00:00:00,10/28/2005,2005-10-28,-12.29,31.24,MXF,XXMXFXX
507,29.4,2005-11-18T00:00:00,11/18/2005,2005-11-18,-11.82,33.34,MXF,XXMXFXX
508,30.15,2005-11-25T00:00:00,11/25/2005,2005-11-25,-11.17,33.94,MXF,XXMXFXX
509,31.1,2005-12-02T00:00:00,12/2/2005,2005-12-02,-10.71,34.83,MXF,XXMXFXX
510,31.24,2005-12-09T00:00:00,12/9/2005,2005-12-09,-9.97,34.7,MXF,XXMXFXX
511,28.3,2005-12-23T00:00:00,12/23/2005,2005-12-23,-11.67,32.04,MXF,XXMXFXX
512,28.38,2005-12-30T00:00:00,12/30/2005,2005-12-30,-11.78,32.17,MXF,XXMXFXX
513,29.87,2006-01-06T00:00:00,1/6/2006,2006-01-06,-12.1,33.98,MXF,XXMXFXX
514,30.2,2006-01-13T00:00:00,1/13/2006,2006-01-13,-11.98,34.31,MXF,XXMXFXX
515,29.61,2006-01-20T00:00:00,1/20/2006,2006-01-20,-12.19,33.72,MXF,XXMXFXX
516,31.31,2006-01-27T00:00:00,1/27/2006,2006-01-27,-10.52,34.99,MXF,XXMXFXX
517,31.25,2006-02-03T00:00:00,2/3/2006,2006-02-03,-10.84,35.05,MXF,XXMXFXX
518,29.04,2006-02-10T00:00:00,2/10/2006,2006-02-10,-14.31,33.89,MXF,XXMXFXX
519,30.38,2006-02-17T00:00:00,2/17/2006,2006-02-17,-11.69,34.4,MXF,XXMXFXX
520,31.06,2006-02-24T00:00:00,2/24/2006,2006-02-24,-13.02,35.71,MXF,XXMXFXX
521,31.2,2006-03-03T00:00:00,3/3/2006,2006-03-03,-12.65,35.72,MXF,XXMXFXX
522,29.44,2006-03-10T00:00:00,3/10/2006,2006-03-10,-12.77,33.75,MXF,XXMXFXX
523,30.98,2006-03-17T00:00:00,3/17/2006,2006-03-17,-12.54,35.42,MXF,XXMXFXX
524,30.45,2006-03-24T00:00:00,3/24/2006,2006-03-24,-12.58,34.83,MXF,XXMXFXX
525,30.48,2006-03-31T00:00:00,3/31/2006,2006-03-31,-12.74,34.93,MXF,XXMXFXX
526,30.6,2006-04-07T00:00:00,4/7/2006,2006-04-07,-11.66,34.64,MXF,XXMXFXX
527,31.85,2006-04-21T00:00:00,4/21/2006,2006-04-21,-12.64,36.46,MXF,XXMXFXX
528,31.85,2006-04-28T00:00:00,4/28/2006,2006-04-28,-12.64,36.46,MXF,XXMXFXX
529,34.7,2006-05-05T00:00:00,5/5/2006,2006-05-05,-10.24,38.66,MXF,XXMXFXX
530,33.0,2006-05-12T00:00:00,5/12/2006,2006-05-12,-13.75,38.26,MXF,XXMXFXX
531,31.4,2006-05-19T00:00:00,5/19/2006,2006-05-19,-12.07,35.71,MXF,XXMXFXX
532,31.19,2006-05-26T00:00:00,5/26/2006,2006-05-26,-11.82,35.37,MXF,XXMXFXX
533,31.2,2006-06-02T00:00:00,6/2/2006,2006-06-02,-10.01,34.67,MXF,XXMXFXX
534,28.7,2006-06-09T00:00:00,6/9/2006,2006-06-09,-9.41,31.68,MXF,XXMXFXX
535,28.44,2006-06-16T00:00:00,6/16/2006,2006-06-16,-10.43,31.75,MXF,XXMXFXX
536,29.2,2006-06-23T00:00:00,6/23/2006,2006-06-23,-10.18,32.51,MXF,XXMXFXX
537,30.7,2006-06-30T00:00:00,6/30/2006,2006-06-30,-10.39,34.26,MXF,XXMXFXX
538,32.05,2006-07-07T00:00:00,7/7/2006,2006-07-07,-11.49,36.21,MXF,XXMXFXX
539,30.08,2006-07-14T00:00:00,7/14/2006,2006-07-14,-10.74,33.7,MXF,XXMXFXX
540,32.11,2006-07-21T00:00:00,7/21/2006,2006-07-21,-10.43,35.85,MXF,XXMXFXX
541,34.06,2006-07-28T00:00:00,7/28/2006,2006-07-28,-8.24,37.12,MXF,XXMXFXX
542,33.78,2006-09-15T00:00:00,9/15/2006,2006-09-15,-13.32,38.97,MXF,XXMXFXX
543,33.44,2006-09-22T00:00:00,9/22/2006,2006-09-22,-12.96,38.42,MXF,XXMXFXX
544,34.55,2006-09-29T00:00:00,9/29/2006,2006-09-29,-12.4,39.44,MXF,XXMXFXX
545,35.11,2006-10-06T00:00:00,10/6/2006,2006-10-06,-12.14,39.96,MXF,XXMXFXX
546,36.4,2006-10-13T00:00:00,10/13/2006,2006-10-13,-12.35,41.53,MXF,XXMXFXX
547,37.16,2006-10-20T00:00:00,10/20/2006,2006-10-20,-12.54,42.49,MXF,XXMXFXX
548,36.7,2006-10-27T00:00:00,10/27/2006,2006-10-27,-13.09,42.23,MXF,XXMXFXX
549,37.0,2006-11-03T00:00:00,11/3/2006,2006-11-03,-13.31,42.68,MXF,XXMXFXX
550,38.03,2006-11-10T00:00:00,11/10/2006,2006-11-10,-12.68,43.55,MXF,XXMXFXX
551,38.31,2006-11-17T00:00:00,11/17/2006,2006-11-17,-12.41,43.74,MXF,XXMXFXX
552,38.95,2006-11-24T00:00:00,11/24/2006,2006-11-24,-12.86,44.7,MXF,XXMXFXX
553,41.6,2006-12-08T00:00:00,12/8/2006,2006-12-08,-11.04,46.76,MXF,XXMXFXX
554,42.7,2006-12-15T00:00:00,12/15/2006,2006-12-15,-10.03,47.46,MXF,XXMXFXX
555,41.58,2006-12-22T00:00:00,12/22/2006,2006-12-22,-10.96,46.7,MXF,XXMXFXX
556,39.54,2006-12-29T00:00:00,12/29/2006,2006-12-29,-10.7,44.28,MXF,XXMXFXX
557,38.59,2007-01-05T00:00:00,1/5/2007,2007-01-05,-10.94,43.33,MXF,XXMXFXX
558,38.78,2007-01-12T00:00:00,1/12/2007,2007-01-12,-10.83,43.49,MXF,XXMXFXX
559,38.88,2007-01-19T00:00:00,1/19/2007,2007-01-19,-10.76,43.57,MXF,XXMXFXX
560,39.58,2007-01-26T00:00:00,1/26/2007,2007-01-26,-9.66,43.81,MXF,XXMXFXX
561,40.55,2007-02-02T00:00:00,2/2/2007,2007-02-02,-10.41,45.26,MXF,XXMXFXX
562,40.4,2007-02-09T00:00:00,2/9/2007,2007-02-09,-11.73,45.77,MXF,XXMXFXX
563,41.26,2007-02-16T00:00:00,2/16/2007,2007-02-16,-11.74,46.75,MXF,XXMXFXX
564,41.95,2007-02-23T00:00:00,2/23/2007,2007-02-23,-10.92,47.09,MXF,XXMXFXX
565,37.71,2007-03-02T00:00:00,3/2/2007,2007-03-02,-12.04,42.87,MXF,XXMXFXX
566,38.99,2007-03-09T00:00:00,3/9/2007,2007-03-09,-11.99,44.3,MXF,XXMXFXX
567,38.82,2007-03-16T00:00:00,3/16/2007,2007-03-16,-10.86,43.55,MXF,XXMXFXX
568,40.17,2007-03-23T00:00:00,3/23/2007,2007-03-23,-13.87,46.64,MXF,XXMXFXX
569,39.76,2007-03-30T00:00:00,3/30/2007,2007-03-30,-15.91,47.28,MXF,XXMXFXX
570,40.86,2007-04-13T00:00:00,4/13/2007,2007-04-13,-17.04,49.25,MXF,XXMXFXX
571,41.21,2007-04-20T00:00:00,4/20/2007,2007-04-20,-16.92,49.6,MXF,XXMXFXX
572,39.91,2007-04-27T00:00:00,4/27/2007,2007-04-27,-13.58,46.18,MXF,XXMXFXX
573,40.85,2007-05-04T00:00:00,5/4/2007,2007-05-04,-13.56,47.26,MXF,XXMXFXX
574,41.15,2007-05-11T00:00:00,5/11/2007,2007-05-11,-13.39,47.51,MXF,XXMXFXX
575,42.13,2007-05-18T00:00:00,5/18/2007,2007-05-18,-13.01,48.43,MXF,XXMXFXX
576,41.87,2007-05-25T00:00:00,5/25/2007,2007-05-25,-13.29,48.29,MXF,XXMXFXX
577,43.44,2007-06-01T00:00:00,6/1/2007,2007-06-01,-13.38,50.15,MXF,XXMXFXX
578,41.76,2007-06-08T00:00:00,6/8/2007,2007-06-08,-13.33,48.18,MXF,XXMXFXX
579,43.51,2007-06-15T00:00:00,6/15/2007,2007-06-15,-13.36,50.22,MXF,XXMXFXX
580,42.75,2007-06-22T00:00:00,6/22/2007,2007-06-22,-14.81,50.18,MXF,XXMXFXX
581,41.99,2007-06-29T00:00:00,6/29/2007,2007-06-29,-15.9,49.93,MXF,XXMXFXX
582,44.56,2007-07-06T00:00:00,7/6/2007,2007-07-06,-14.72,52.25,MXF,XXMXFXX
583,45.43,2007-07-13T00:00:00,7/13/2007,2007-07-13,-14.27,52.99,MXF,XXMXFXX
584,44.38,2007-07-20T00:00:00,7/20/2007,2007-07-20,-14.95,52.18,MXF,XXMXFXX
585,41.66,2007-07-27T00:00:00,7/27/2007,2007-07-27,-14.32,48.62,MXF,XXMXFXX
586,41.16,2007-08-03T00:00:00,8/3/2007,2007-08-03,-14.3,48.03,MXF,XXMXFXX
587,41.18,2007-08-10T00:00:00,8/10/2007,2007-08-10,-13.47,47.59,MXF,XXMXFXX
588,39.0,2007-08-17T00:00:00,8/17/2007,2007-08-17,-13.53,45.1,MXF,XXMXFXX
589,41.5,2007-08-24T00:00:00,8/24/2007,2007-08-24,-12.69,47.53,MXF,XXMXFXX
590,40.9,2007-08-31T00:00:00,8/31/2007,2007-08-31,-14.15,47.64,MXF,XXMXFXX
591,40.21,2007-09-07T00:00:00,9/7/2007,2007-09-07,-14.65,47.11,MXF,XXMXFXX
592,41.37,2007-09-14T00:00:00,9/14/2007,2007-09-14,-13.14,47.63,MXF,XXMXFXX
593,42.5,2007-09-21T00:00:00,9/21/2007,2007-09-21,-13.02,48.86,MXF,XXMXFXX
594,42.41,2007-09-28T00:00:00,9/28/2007,2007-09-28,-13.13,48.82,MXF,XXMXFXX
595,44.16,2007-10-05T00:00:00,10/5/2007,2007-10-05,-12.68,50.57,MXF,XXMXFXX
596,45.18,2007-10-12T00:00:00,10/12/2007,2007-10-12,-13.27,52.09,MXF,XXMXFXX
597,43.5,2007-10-19T00:00:00,10/19/2007,2007-10-19,-15.52,51.49,MXF,XXMXFXX
598,45.5,2007-10-26T00:00:00,10/26/2007,2007-10-26,-11.94,51.67,MXF,XXMXFXX
599,40.28,2007-11-09T00:00:00,11/9/2007,2007-11-09,-14.13,46.91,MXF,XXMXFXX
600,40.72,2007-11-16T00:00:00,11/16/2007,2007-11-16,-13.89,47.29,MXF,XXMXFXX
601,39.2,2007-11-23T00:00:00,11/23/2007,2007-11-23,-13.92,45.54,MXF,XXMXFXX
602,40.12,2007-11-30T00:00:00,11/30/2007,2007-11-30,-14.47,46.91,MXF,XXMXFXX
603,41.86,2007-12-07T00:00:00,12/7/2007,2007-12-07,-15.54,49.56,MXF,XXMXFXX
604,40.87,2007-12-14T00:00:00,12/14/2007,2007-12-14,-14.44,47.77,MXF,XXMXFXX
605,40.64,2007-12-21T00:00:00,12/21/2007,2007-12-21,-13.88,47.19,MXF,XXMXFXX
606,34.92,2007-12-28T00:00:00,12/28/2007,2007-12-28,-15.02,41.09,MXF,XXMXFXX
607,33.39,2008-01-04T00:00:00,1/4/2008,2008-01-04,-15.23,39.39,MXF,XXMXFXX
608,33.9,2008-01-11T00:00:00,1/11/2008,2008-01-11,-14.24,39.53,MXF,XXMXFXX
609,31.3,2008-01-18T00:00:00,1/18/2008,2008-01-18,-15.25,36.93,MXF,XXMXFXX
610,31.36,2008-01-25T00:00:00,1/25/2008,2008-01-25,-16.31,37.47,MXF,XXMXFXX
611,34.55,2008-02-01T00:00:00,2/1/2008,2008-02-01,-14.37,40.35,MXF,XXMXFXX
612,33.35,2008-02-08T00:00:00,2/8/2008,2008-02-08,-14.44,38.98,MXF,XXMXFXX
613,33.69,2008-02-15T00:00:00,2/15/2008,2008-02-15,-14.71,39.5,MXF,XXMXFXX
614,34.39,2008-02-22T00:00:00,2/22/2008,2008-02-22,-14.22,40.09,MXF,XXMXFXX
615,33.15,2008-02-29T00:00:00,2/29/2008,2008-02-29,-16.81,39.85,MXF,XXMXFXX
616,32.5,2008-03-07T00:00:00,3/7/2008,2008-03-07,-16.22,38.79,MXF,XXMXFXX
617,32.8,2008-03-14T00:00:00,3/14/2008,2008-03-14,-15.9,39.0,MXF,XXMXFXX
618,33.35,2008-03-28T00:00:00,3/28/2008,2008-03-28,-15.99,39.7,MXF,XXMXFXX
619,35.6,2008-04-04T00:00:00,4/4/2008,2008-04-04,-15.66,42.21,MXF,XXMXFXX
620,35.72,2008-04-18T00:00:00,4/18/2008,2008-04-18,-16.83,42.95,MXF,XXMXFXX
621,34.79,2008-04-25T00:00:00,4/25/2008,2008-04-25,-16.69,41.76,MXF,XXMXFXX
622,34.78,2008-05-02T00:00:00,5/2/2008,2008-05-02,-16.35,41.58,MXF,XXMXFXX
623,34.91,2008-05-09T00:00:00,5/9/2008,2008-05-09,-15.55,41.34,MXF,XXMXFXX
624,36.55,2008-05-16T00:00:00,5/16/2008,2008-05-16,-16.27,43.65,MXF,XXMXFXX
625,37.67,2008-05-30T00:00:00,5/30/2008,2008-05-30,-15.1,44.37,MXF,XXMXFXX
626,36.76,2008-06-06T00:00:00,6/6/2008,2008-06-06,-15.46,43.48,MXF,XXMXFXX
627,36.51,2008-06-13T00:00:00,6/13/2008,2008-06-13,-13.57,42.24,MXF,XXMXFXX
628,35.27,2008-06-20T00:00:00,6/20/2008,2008-06-20,-15.84,41.91,MXF,XXMXFXX
629,34.96,2008-06-27T00:00:00,6/27/2008,2008-06-27,-15.0,41.13,MXF,XXMXFXX
630,32.56,2008-07-11T00:00:00,7/11/2008,2008-07-11,-14.94,38.28,MXF,XXMXFXX
631,33.35,2008-07-18T00:00:00,7/18/2008,2008-07-18,-14.38,38.95,MXF,XXMXFXX
632,32.36,2008-07-25T00:00:00,7/25/2008,2008-07-25,-14.23,37.73,MXF,XXMXFXX
633,32.28,2008-08-01T00:00:00,8/1/2008,2008-08-01,-13.3,37.23,MXF,XXMXFXX
634,32.39,2008-08-08T00:00:00,8/8/2008,2008-08-08,-10.15,36.05,MXF,XXMXFXX
635,31.39,2008-08-15T00:00:00,8/15/2008,2008-08-15,-12.32,35.8,MXF,XXMXFXX
636,30.76,2008-08-22T00:00:00,8/22/2008,2008-08-22,-13.62,35.61,MXF,XXMXFXX
637,30.43,2008-08-29T00:00:00,8/29/2008,2008-08-29,-12.61,34.82,MXF,XXMXFXX
638,29.89,2008-09-05T00:00:00,9/5/2008,2008-09-05,-9.94,33.19,MXF,XXMXFXX
639,27.85,2008-09-12T00:00:00,9/12/2008,2008-09-12,-11.08,31.32,MXF,XXMXFXX
640,25.66,2008-09-26T00:00:00,9/26/2008,2008-09-26,-13.72,29.74,MXF,XXMXFXX
641,23.2,2008-10-03T00:00:00,10/3/2008,2008-10-03,-11.01,26.07,MXF,XXMXFXX
642,14.76,2008-10-10T00:00:00,10/10/2008,2008-10-10,-19.03,18.23,MXF,XXMXFXX
643,15.96,2008-10-17T00:00:00,10/17/2008,2008-10-17,-18.11,19.49,MXF,XXMXFXX
644,13.22,2008-10-24T00:00:00,10/24/2008,2008-10-24,-18.85,16.29,MXF,XXMXFXX
645,16.56,2008-10-31T00:00:00,10/31/2008,2008-10-31,-14.68,19.41,MXF,XXMXFXX
646,16.7,2008-11-07T00:00:00,11/7/2008,2008-11-07,-12.34,19.05,MXF,XXMXFXX
647,14.4,2008-11-14T00:00:00,11/14/2008,2008-11-14,-17.29,17.41,MXF,XXMXFXX
648,13.38,2008-11-21T00:00:00,11/21/2008,2008-11-21,-13.62,15.49,MXF,XXMXFXX
649,13.88,2008-11-28T00:00:00,11/28/2008,2008-11-28,-19.86,17.32,MXF,XXMXFXX
650,14.0,2008-12-05T00:00:00,12/5/2008,2008-12-05,-14.43,16.36,MXF,XXMXFXX
651,15.16,2008-12-19T00:00:00,12/19/2008,2008-12-19,-13.07,17.44,MXF,XXMXFXX
652,15.19,2008-12-26T00:00:00,12/26/2008,2008-12-26,-12.3,17.32,MXF,XXMXFXX
653,15.38,2009-01-02T00:00:00,1/2/2009,2009-01-02,-12.21,17.52,MXF,XXMXFXX
654,15.27,2009-01-09T00:00:00,1/9/2009,2009-01-09,-10.7,17.1,MXF,XXMXFXX
655,14.0,2009-01-16T00:00:00,1/16/2009,2009-01-16,-11.95,15.9,MXF,XXMXFXX
656,13.3,2009-01-23T00:00:00,1/23/2009,2009-01-23,-11.21,14.98,MXF,XXMXFXX
657,13.14,2009-01-30T00:00:00,1/30/2009,2009-01-30,-12.17,14.96,MXF,XXMXFXX
658,14.51,2009-02-06T00:00:00,2/6/2009,2009-02-06,-8.16,15.8,MXF,XXMXFXX
659,13.37,2009-02-13T00:00:00,2/13/2009,2009-02-13,-11.52,15.11,MXF,XXMXFXX
660,11.62,2009-02-20T00:00:00,2/20/2009,2009-02-20,-16.7,13.95,MXF,XXMXFXX
661,11.01,2009-02-27T00:00:00,2/27/2009,2009-02-27,-17.4,13.33,MXF,XXMXFXX
662,10.87,2009-03-06T00:00:00,3/6/2009,2009-03-06,-13.11,12.51,MXF,XXMXFXX
663,11.87,2009-03-13T00:00:00,3/13/2009,2009-03-13,-16.35,14.19,MXF,XXMXFXX
664,11.92,2009-03-20T00:00:00,3/20/2009,2009-03-20,-17.34,14.42,MXF,XXMXFXX
665,12.64,2009-03-27T00:00:00,3/27/2009,2009-03-27,-14.88,14.85,MXF,XXMXFXX
666,13.77,2009-04-03T00:00:00,4/3/2009,2009-04-03,-13.83,15.98,MXF,XXMXFXX
667,14.82,2009-04-17T00:00:00,4/17/2009,2009-04-17,-14.19,17.27,MXF,XXMXFXX
668,14.8,2009-04-24T00:00:00,4/24/2009,2009-04-24,-14.75,17.36,MXF,XXMXFXX
669,16.22,2009-05-08T00:00:00,5/8/2009,2009-05-08,-14.32,18.93,MXF,XXMXFXX
670,15.94,2009-05-15T00:00:00,5/15/2009,2009-05-15,-12.51,18.22,MXF,XXMXFXX
671,16.86,2009-05-29T00:00:00,5/29/2009,2009-05-29,-11.91,19.14,MXF,XXMXFXX
672,17.11,2009-06-05T00:00:00,6/5/2009,2009-06-05,-11.53,19.34,MXF,XXMXFXX
673,17.2,2009-06-12T00:00:00,6/12/2009,2009-06-12,-12.29,19.61,MXF,XXMXFXX
674,17.0,2009-06-19T00:00:00,6/19/2009,2009-06-19,-11.37,19.18,MXF,XXMXFXX
675,17.25,2009-06-26T00:00:00,6/26/2009,2009-06-26,-11.67,19.53,MXF,XXMXFXX
676,16.4,2009-07-10T00:00:00,7/10/2009,2009-07-10,-9.99,18.22,MXF,XXMXFXX
677,17.45,2009-07-17T00:00:00,7/17/2009,2009-07-17,-12.44,19.93,MXF,XXMXFXX
678,18.65,2009-07-24T00:00:00,7/24/2009,2009-07-24,-10.85,20.92,MXF,XXMXFXX
679,19.11,2009-07-31T00:00:00,7/31/2009,2009-07-31,-10.41,21.33,MXF,XXMXFXX
680,20.01,2009-08-07T00:00:00,8/7/2009,2009-08-07,-11.15,22.52,MXF,XXMXFXX
681,20.26,2009-08-14T00:00:00,8/14/2009,2009-08-14,-10.39,22.61,MXF,XXMXFXX
682,20.55,2009-08-21T00:00:00,8/21/2009,2009-08-21,-9.91,22.81,MXF,XXMXFXX
683,20.55,2009-08-28T00:00:00,8/28/2009,2009-08-28,-10.18,22.88,MXF,XXMXFXX
684,20.21,2009-09-04T00:00:00,9/4/2009,2009-09-04,-9.57,22.35,MXF,XXMXFXX
685,21.28,2009-09-11T00:00:00,9/11/2009,2009-09-11,-8.32,23.21,MXF,XXMXFXX
686,22.07,2009-09-18T00:00:00,9/18/2009,2009-09-18,-6.01,23.48,MXF,XXMXFXX
687,20.51,2009-09-25T00:00:00,9/25/2009,2009-09-25,-8.68,22.46,MXF,XXMXFXX
688,20.4,2009-10-02T00:00:00,10/2/2009,2009-10-02,-9.49,22.54,MXF,XXMXFXX
689,21.4,2009-10-09T00:00:00,10/9/2009,2009-10-09,-11.68,24.23,MXF,XXMXFXX
690,22.07,2009-10-16T00:00:00,10/16/2009,2009-10-16,-10.21,24.58,MXF,XXMXFXX
691,21.84,2009-10-23T00:00:00,10/23/2009,2009-10-23,-11.0,24.54,MXF,XXMXFXX
692,20.07,2009-10-30T00:00:00,10/30/2009,2009-10-30,-12.63,22.97,MXF,XXMXFXX
693,20.73,2009-11-06T00:00:00,11/6/2009,2009-11-06,-11.79,23.5,MXF,XXMXFXX
694,21.78,2009-11-13T00:00:00,11/13/2009,2009-11-13,-12.18,24.8,MXF,XXMXFXX
695,21.67,2009-11-20T00:00:00,11/20/2009,2009-11-20,-12.3,24.71,MXF,XXMXFXX
696,22.11,2009-11-27T00:00:00,11/27/2009,2009-11-27,-11.91,25.1,MXF,XXMXFXX
697,23.11,2009-12-04T00:00:00,12/4/2009,2009-12-04,-12.3,26.35,MXF,XXMXFXX
698,22.71,2009-12-11T00:00:00,12/11/2009,2009-12-11,-12.32,25.9,MXF,XXMXFXX
699,22.76,2009-12-18T00:00:00,12/18/2009,2009-12-18,-11.71,25.78,MXF,XXMXFXX
700,23.45,2010-01-08T00:00:00,1/8/2010,2010-01-08,-12.53,26.81,MXF,XXMXFXX
701,23.2,2010-01-15T00:00:00,1/15/2010,2010-01-15,-11.72,26.28,MXF,XXMXFXX
702,22.29,2010-01-22T00:00:00,1/22/2010,2010-01-22,-10.45,24.89,MXF,XXMXFXX
703,21.72,2010-01-29T00:00:00,1/29/2010,2010-01-29,-10.69,24.32,MXF,XXMXFXX
704,21.33,2010-02-05T00:00:00,2/5/2010,2010-02-05,-12.15,24.28,MXF,XXMXFXX
705,21.99,2010-02-12T00:00:00,2/12/2010,2010-02-12,-12.39,25.1,MXF,XXMXFXX
706,23.1,2010-02-19T00:00:00,2/19/2010,2010-02-19,-12.23,26.32,MXF,XXMXFXX
707,23.03,2010-02-26T00:00:00,2/26/2010,2010-02-26,-12.3,26.26,MXF,XXMXFXX
708,24.22,2010-03-05T00:00:00,3/5/2010,2010-03-05,-11.28,27.3,MXF,XXMXFXX
709,24.56,2010-03-12T00:00:00,3/12/2010,2010-03-12,-11.4,27.72,MXF,XXMXFXX
710,24.85,2010-03-19T00:00:00,3/19/2010,2010-03-19,-11.25,28.0,MXF,XXMXFXX
711,25.19,2010-03-26T00:00:00,3/26/2010,2010-03-26,-11.08,28.33,MXF,XXMXFXX
712,25.72,2010-04-09T00:00:00,4/9/2010,2010-04-09,-11.92,29.2,MXF,XXMXFXX
713,25.42,2010-04-16T00:00:00,4/16/2010,2010-04-16,-11.89,28.85,MXF,XXMXFXX
714,26.15,2010-04-23T00:00:00,4/23/2010,2010-04-23,-10.48,29.21,MXF,XXMXFXX
715,24.9,2010-04-30T00:00:00,4/30/2010,2010-04-30,-11.45,28.12,MXF,XXMXFXX
716,22.49,2010-05-07T00:00:00,5/7/2010,2010-05-07,-13.37,25.96,MXF,XXMXFXX
717,23.54,2010-05-14T00:00:00,5/14/2010,2010-05-14,-12.2,26.81,MXF,XXMXFXX
718,21.77,2010-05-21T00:00:00,5/21/2010,2010-05-21,-13.61,25.2,MXF,XXMXFXX
719,22.57,2010-05-28T00:00:00,5/28/2010,2010-05-28,-12.82,25.89,MXF,XXMXFXX
720,22.2,2010-06-04T00:00:00,6/4/2010,2010-06-04,-12.74,25.44,MXF,XXMXFXX
721,23.09,2010-06-11T00:00:00,6/11/2010,2010-06-11,-14.51,27.01,MXF,XXMXFXX
722,23.94,2010-06-18T00:00:00,6/18/2010,2010-06-18,-14.19,27.9,MXF,XXMXFXX
723,23.82,2010-06-25T00:00:00,6/25/2010,2010-06-25,-13.29,27.47,MXF,XXMXFXX
724,21.83,2010-07-02T00:00:00,7/2/2010,2010-07-02,-12.92,25.07,MXF,XXMXFXX
725,22.86,2010-07-09T00:00:00,7/9/2010,2010-07-09,-12.81,26.22,MXF,XXMXFXX
726,22.51,2010-07-16T00:00:00,7/16/2010,2010-07-16,-12.62,25.76,MXF,XXMXFXX
727,23.82,2010-07-23T00:00:00,7/23/2010,2010-07-23,-11.71,26.98,MXF,XXMXFXX
728,23.76,2010-07-30T00:00:00,7/30/2010,2010-07-30,-11.48,26.84,MXF,XXMXFXX
729,24.3,2010-08-06T00:00:00,8/6/2010,2010-08-06,-10.76,27.23,MXF,XXMXFXX
730,23.62,2010-08-13T00:00:00,8/13/2010,2010-08-13,-11.04,26.55,MXF,XXMXFXX
731,23.83,2010-08-20T00:00:00,8/20/2010,2010-08-20,-10.65,26.67,MXF,XXMXFXX
732,22.81,2010-08-27T00:00:00,8/27/2010,2010-08-27,-11.49,25.77,MXF,XXMXFXX
733,23.51,2010-09-03T00:00:00,9/3/2010,2010-09-03,-11.01,26.42,MXF,XXMXFXX
734,23.5,2010-09-10T00:00:00,9/10/2010,2010-09-10,-11.45,26.54,MXF,XXMXFXX
735,24.79,2010-09-24T00:00:00,9/24/2010,2010-09-24,-10.89,27.82,MXF,XXMXFXX
736,25.73,2010-10-01T00:00:00,10/1/2010,2010-10-01,-8.89,28.24,MXF,XXMXFXX
737,25.17,2010-10-08T00:00:00,10/8/2010,2010-10-08,-11.4,28.41,MXF,XXMXFXX
738,25.37,2010-10-15T00:00:00,10/15/2010,2010-10-15,-10.89,28.47,MXF,XXMXFXX
739,25.61,2010-10-22T00:00:00,10/22/2010,2010-10-22,-11.66,28.99,MXF,XXMXFXX
740,26.87,2010-10-29T00:00:00,10/29/2010,2010-10-29,-8.92,29.5,MXF,XXMXFXX
741,27.4,2010-11-05T00:00:00,11/5/2010,2010-11-05,-10.05,30.46,MXF,XXMXFXX
742,26.94,2010-11-12T00:00:00,11/12/2010,2010-11-12,-9.87,29.89,MXF,XXMXFXX
743,27.45,2010-11-19T00:00:00,11/19/2010,2010-11-19,-10.47,30.66,MXF,XXMXFXX
744,27.39,2010-11-26T00:00:00,11/26/2010,2010-11-26,-9.93,30.41,MXF,XXMXFXX
745,28.13,2010-12-03T00:00:00,12/3/2010,2010-12-03,-10.01,31.26,MXF,XXMXFXX
746,27.55,2010-12-10T00:00:00,12/10/2010,2010-12-10,-11.67,31.19,MXF,XXMXFXX
747,27.28,2010-12-17T00:00:00,12/17/2010,2010-12-17,-11.89,30.96,MXF,XXMXFXX
748,28.29,2010-12-31T00:00:00,12/31/2010,2010-12-31,-10.7,31.68,MXF,XXMXFXX
749,29.02,2011-01-07T00:00:00,1/7/2011,2011-01-07,-9.17,31.95,MXF,XXMXFXX
750,28.7,2011-01-14T00:00:00,1/14/2011,2011-01-14,-10.17,31.95,MXF,XXMXFXX
751,28.54,2011-01-21T00:00:00,1/21/2011,2011-01-21,-8.76,31.28,MXF,XXMXFXX
752,27.89,2011-01-28T00:00:00,1/28/2011,2011-01-28,-8.74,30.56,MXF,XXMXFXX
753,28.64,2011-02-04T00:00:00,2/4/2011,2011-02-04,-9.62,31.69,MXF,XXMXFXX
754,27.9,2011-02-11T00:00:00,2/11/2011,2011-02-11,-10.43,31.15,MXF,XXMXFXX
755,28.08,2011-02-18T00:00:00,2/18/2011,2011-02-18,-11.25,31.64,MXF,XXMXFXX
756,27.31,2011-02-25T00:00:00,2/25/2011,2011-02-25,-10.96,30.67,MXF,XXMXFXX
757,27.75,2011-03-04T00:00:00,3/4/2011,2011-03-04,-10.34,30.95,MXF,XXMXFXX
758,27.18,2011-03-11T00:00:00,3/11/2011,2011-03-11,-10.94,30.52,MXF,XXMXFXX
759,26.77,2011-03-18T00:00:00,3/18/2011,2011-03-18,-9.65,29.63,MXF,XXMXFXX
760,28.27,2011-03-25T00:00:00,3/25/2011,2011-03-25,-8.64,30.95,MXF,XXMXFXX
761,28.39,2011-04-01T00:00:00,4/1/2011,2011-04-01,-9.44,31.35,MXF,XXMXFXX
762,28.4,2011-04-08T00:00:00,4/8/2011,2011-04-08,-9.53,31.39,MXF,XXMXFXX
763,28.19,2011-04-15T00:00:00,4/15/2011,2011-04-15,-9.51,31.15,MXF,XXMXFXX
764,28.65,2011-04-29T00:00:00,4/29/2011,2011-04-29,-9.79,31.76,MXF,XXMXFXX
765,27.12,2011-05-06T00:00:00,5/6/2011,2011-05-06,-10.11,30.17,MXF,XXMXFXX
766,27.2,2011-05-13T00:00:00,5/13/2011,2011-05-13,-9.12,29.93,MXF,XXMXFXX
767,27.19,2011-05-20T00:00:00,5/20/2011,2011-05-20,-10.28,30.31,MXF,XXMXFXX
768,27.72,2011-05-27T00:00:00,5/27/2011,2011-05-27,-10.23,30.88,MXF,XXMXFXX
769,27.18,2011-06-03T00:00:00,6/3/2011,2011-06-03,-10.39,30.33,MXF,XXMXFXX
770,26.65,2011-06-10T00:00:00,6/10/2011,2011-06-10,-10.18,29.67,MXF,XXMXFXX
771,26.53,2011-06-17T00:00:00,6/17/2011,2011-06-17,-10.55,29.66,MXF,XXMXFXX
772,26.7,2011-06-24T00:00:00,6/24/2011,2011-06-24,-10.28,29.76,MXF,XXMXFXX
773,27.64,2011-07-01T00:00:00,7/1/2011,2011-07-01,-10.23,30.79,MXF,XXMXFXX
774,27.37,2011-07-08T00:00:00,7/8/2011,2011-07-08,-10.16,30.46,MXF,XXMXFXX
775,27.19,2011-07-15T00:00:00,7/15/2011,2011-07-15,-9.4,30.01,MXF,XXMXFXX
776,27.39,2011-07-22T00:00:00,7/22/2011,2011-07-22,-8.61,29.97,MXF,XXMXFXX
777,26.95,2011-07-29T00:00:00,7/29/2011,2011-07-29,-9.83,29.89,MXF,XXMXFXX
778,24.72,2011-08-05T00:00:00,8/5/2011,2011-08-05,-10.01,27.47,MXF,XXMXFXX
779,24.58,2011-08-12T00:00:00,8/12/2011,2011-08-12,-7.42,26.55,MXF,XXMXFXX
780,24.05,2011-08-19T00:00:00,8/19/2011,2011-08-19,-8.38,26.25,MXF,XXMXFXX
781,24.3,2011-08-26T00:00:00,8/26/2011,2011-08-26,-8.47,26.55,MXF,XXMXFXX
782,25.34,2011-09-02T00:00:00,9/2/2011,2011-09-02,-7.59,27.42,MXF,XXMXFXX
783,23.97,2011-09-09T00:00:00,9/9/2011,2011-09-09,-7.52,25.92,MXF,XXMXFXX
784,21.6,2011-09-23T00:00:00,9/23/2011,2011-09-23,-8.28,23.55,MXF,XXMXFXX
785,21.7,2011-09-30T00:00:00,9/30/2011,2011-09-30,-7.82,23.54,MXF,XXMXFXX
786,21.52,2011-10-07T00:00:00,10/7/2011,2011-10-07,-7.6,23.29,MXF,XXMXFXX
787,22.55,2011-10-14T00:00:00,10/14/2011,2011-10-14,-8.86,24.74,MXF,XXMXFXX
788,22.11,2011-10-21T00:00:00,10/21/2011,2011-10-21,-8.18,24.08,MXF,XXMXFXX
789,24.06,2011-10-28T00:00:00,10/28/2011,2011-10-28,-8.83,26.39,MXF,XXMXFXX
790,23.25,2011-11-04T00:00:00,11/4/2011,2011-11-04,-8.25,25.34,MXF,XXMXFXX
791,23.08,2011-11-11T00:00:00,11/11/2011,2011-11-11,-10.05,25.66,MXF,XXMXFXX
792,22.41,2011-11-18T00:00:00,11/18/2011,2011-11-18,-8.9,24.6,MXF,XXMXFXX
793,20.79,2011-11-25T00:00:00,11/25/2011,2011-11-25,-8.66,22.76,MXF,XXMXFXX
794,22.78,2011-12-02T00:00:00,12/2/2011,2011-12-02,-8.66,24.94,MXF,XXMXFXX
795,23.35,2011-12-09T00:00:00,12/9/2011,2011-12-09,-7.78,25.32,MXF,XXMXFXX
796,22.45,2011-12-16T00:00:00,12/16/2011,2011-12-16,-7.0,24.14,MXF,XXMXFXX
797,23.06,2011-12-23T00:00:00,12/23/2011,2011-12-23,-6.87,24.76,MXF,XXMXFXX
798,21.85,2011-12-30T00:00:00,12/30/2011,2011-12-30,-8.35,23.84,MXF,XXMXFXX
799,22.25,2012-01-06T00:00:00,1/6/2012,2012-01-06,-7.14,23.96,MXF,XXMXFXX
800,22.44,2012-01-13T00:00:00,1/13/2012,2012-01-13,-7.08,24.15,MXF,XXMXFXX
801,23.61,2012-01-20T00:00:00,1/20/2012,2012-01-20,-7.19,25.44,MXF,XXMXFXX
802,23.3,2012-01-27T00:00:00,1/27/2012,2012-01-27,-10.32,25.98,MXF,XXMXFXX
803,24.68,2012-02-03T00:00:00,2/3/2012,2012-02-03,-8.9,27.09,MXF,XXMXFXX
804,24.65,2012-02-10T00:00:00,2/10/2012,2012-02-10,-7.89,26.76,MXF,XXMXFXX
805,24.86,2012-02-17T00:00:00,2/17/2012,2012-02-17,-7.34,26.83,MXF,XXMXFXX
806,24.52,2012-02-24T00:00:00,2/24/2012,2012-02-24,-7.51,26.51,MXF,XXMXFXX
807,24.83,2012-03-02T00:00:00,3/2/2012,2012-03-02,-8.24,27.06,MXF,XXMXFXX
808,24.82,2012-03-09T00:00:00,3/9/2012,2012-03-09,-7.73,26.9,MXF,XXMXFXX
809,25.15,2012-03-16T00:00:00,3/16/2012,2012-03-16,-7.57,27.21,MXF,XXMXFXX
810,24.7,2012-03-23T00:00:00,3/23/2012,2012-03-23,-8.92,27.12,MXF,XXMXFXX
811,25.27,2012-03-30T00:00:00,3/30/2012,2012-03-30,-8.84,27.72,MXF,XXMXFXX
812,23.92,2012-04-13T00:00:00,4/13/2012,2012-04-13,-9.91,26.55,MXF,XXMXFXX
813,24.56,2012-04-20T00:00:00,4/20/2012,2012-04-20,-8.15,26.74,MXF,XXMXFXX
814,24.6,2012-04-27T00:00:00,4/27/2012,2012-04-27,-9.33,27.13,MXF,XXMXFXX
815,24.41,2012-05-04T00:00:00,5/4/2012,2012-05-04,-9.12,26.86,MXF,XXMXFXX
816,23.75,2012-05-11T00:00:00,5/11/2012,2012-05-11,-8.51,25.96,MXF,XXMXFXX
817,22.08,2012-05-18T00:00:00,5/18/2012,2012-05-18,-9.22,24.32,MXF,XXMXFXX
818,22.24,2012-05-25T00:00:00,5/25/2012,2012-05-25,-9.26,24.51,MXF,XXMXFXX
819,21.85,2012-06-01T00:00:00,6/1/2012,2012-06-01,-8.81,23.96,MXF,XXMXFXX
820,22.3,2012-06-08T00:00:00,6/8/2012,2012-06-08,-9.86,24.74,MXF,XXMXFXX
821,22.54,2012-06-15T00:00:00,6/15/2012,2012-06-15,-10.02,25.05,MXF,XXMXFXX
822,23.3,2012-06-22T00:00:00,6/22/2012,2012-06-22,-9.72,25.81,MXF,XXMXFXX
823,24.94,2012-06-29T00:00:00,6/29/2012,2012-06-29,-9.77,27.64,MXF,XXMXFXX
824,24.9,2012-07-06T00:00:00,7/6/2012,2012-07-06,-9.09,27.39,MXF,XXMXFXX
825,25.44,2012-07-13T00:00:00,7/13/2012,2012-07-13,-9.01,27.96,MXF,XXMXFXX
826,25.06,2012-07-20T00:00:00,7/20/2012,2012-07-20,-8.71,27.45,MXF,XXMXFXX
827,25.53,2012-07-27T00:00:00,7/27/2012,2012-07-27,-9.05,28.07,MXF,XXMXFXX
828,25.53,2012-08-03T00:00:00,8/3/2012,2012-08-03,-8.85,28.01,MXF,XXMXFXX
829,25.65,2012-08-10T00:00:00,8/10/2012,2012-08-10,-8.43,28.01,MXF,XXMXFXX
830,25.47,2012-08-17T00:00:00,8/17/2012,2012-08-17,-8.58,27.86,MXF,XXMXFXX
831,25.09,2012-08-24T00:00:00,8/24/2012,2012-08-24,-9.06,27.59,MXF,XXMXFXX
832,24.75,2012-08-31T00:00:00,8/31/2012,2012-08-31,-8.5,27.05,MXF,XXMXFXX
833,25.62,2012-09-07T00:00:00,9/7/2012,2012-09-07,-8.53,28.01,MXF,XXMXFXX
834,26.54,2012-09-14T00:00:00,9/14/2012,2012-09-14,-8.7,29.07,MXF,XXMXFXX
835,26.89,2012-09-21T00:00:00,9/21/2012,2012-09-21,-5.91,28.58,MXF,XXMXFXX
836,26.97,2012-09-28T00:00:00,9/28/2012,2012-09-28,-6.84,28.95,MXF,XXMXFXX
837,29.05,2012-10-05T00:00:00,10/5/2012,2012-10-05,-2.45,29.78,MXF,XXMXFXX
838,27.41,2012-10-12T00:00:00,10/12/2012,2012-10-12,-5.52,29.01,MXF,XXMXFXX
839,27.74,2012-10-19T00:00:00,10/19/2012,2012-10-19,-6.09,29.54,MXF,XXMXFXX
840,27.82,2012-10-26T00:00:00,10/26/2012,2012-10-26,-4.27,29.06,MXF,XXMXFXX
841,27.07,2012-11-09T00:00:00,11/9/2012,2012-11-09,-3.57,28.07,MXF,XXMXFXX
842,26.03,2012-11-16T00:00:00,11/16/2012,2012-11-16,-8.22,28.36,MXF,XXMXFXX
843,26.75,2012-11-23T00:00:00,11/23/2012,2012-11-23,-9.2,29.46,MXF,XXMXFXX
844,27.71,2012-11-30T00:00:00,11/30/2012,2012-11-30,-5.94,29.46,MXF,XXMXFXX
845,27.9,2012-12-07T00:00:00,12/7/2012,2012-12-07,-8.94,30.64,MXF,XXMXFXX
846,28.25,2012-12-14T00:00:00,12/14/2012,2012-12-14,-8.93,31.02,MXF,XXMXFXX
847,28.19,2012-12-21T00:00:00,12/21/2012,2012-12-21,-7.6,30.51,MXF,XXMXFXX
848,27.97,2012-12-28T00:00:00,12/28/2012,2012-12-28,-7.69,30.3,MXF,XXMXFXX
849,30.91,2013-01-04T00:00:00,1/4/2013,2013-01-04,-2.52,31.71,MXF,XXMXFXX
850,31.14,2013-01-11T00:00:00,1/11/2013,2013-01-11,-3.29,32.2,MXF,XXMXFXX
851,32.81,2013-01-18T00:00:00,1/18/2013,2013-01-18,1.33,32.38,MXF,XXMXFXX
852,32.22,2013-01-25T00:00:00,1/25/2013,2013-01-25,-0.71,32.45,MXF,XXMXFXX
853,32.86,2013-02-01T00:00:00,2/1/2013,2013-02-01,0.0,32.86,MXF,XXMXFXX
854,31.7,2013-02-08T00:00:00,2/8/2013,2013-02-08,-0.81,31.96,MXF,XXMXFXX
855,31.91,2013-02-15T00:00:00,2/15/2013,2013-02-15,0.41,31.78,MXF,XXMXFXX
856,31.16,2013-02-22T00:00:00,2/22/2013,2013-02-22,-1.73,31.71,MXF,XXMXFXX
857,32.909,2013-03-01T00:00:00,3/1/2013,2013-03-01,3.03,31.94,MXF,XXMXFXX
858,33.68,2013-03-08T00:00:00,3/8/2013,2013-03-08,2.87,32.74,MXF,XXMXFXX
859,35.62,2013-03-15T00:00:00,3/15/2013,2013-03-15,9.13,32.64,MXF,XXMXFXX
860,35.2,2013-03-22T00:00:00,3/22/2013,2013-03-22,7.32,32.8,MXF,XXMXFXX
861,37.75,2013-04-05T00:00:00,4/5/2013,2013-04-05,11.26,33.93,MXF,XXMXFXX
862,34.0,2013-04-12T00:00:00,4/12/2013,2013-04-12,0.35,33.88,MXF,XXMXFXX
863,33.7,2013-04-19T00:00:00,4/19/2013,2013-04-19,2.34,32.93,MXF,XXMXFXX
864,35.11,2013-04-26T00:00:00,4/26/2013,2013-04-26,8.03,32.5,MXF,XXMXFXX
865,36.55,2013-05-03T00:00:00,5/3/2013,2013-05-03,10.22,33.16,MXF,XXMXFXX
866,34.15,2013-05-10T00:00:00,5/10/2013,2013-05-10,3.67,32.94,MXF,XXMXFXX
867,35.41,2013-05-17T00:00:00,5/17/2013,2013-05-17,9.12,32.45,MXF,XXMXFXX
868,33.34,2013-05-24T00:00:00,5/24/2013,2013-05-24,7.51,31.01,MXF,XXMXFXX
869,32.12,2013-05-31T00:00:00,5/31/2013,2013-05-31,3.81,30.94,MXF,XXMXFXX
870,32.44,2013-06-07T00:00:00,6/7/2013,2013-06-07,7.88,30.07,MXF,XXMXFXX
871,31.08,2013-06-14T00:00:00,6/14/2013,2013-06-14,5.57,29.44,MXF,XXMXFXX
872,28.6401,2013-06-21T00:00:00,6/21/2013,2013-06-21,4.37,27.44,MXF,XXMXFXX
873,30.78,2013-06-28T00:00:00,6/28/2013,2013-06-28,3.5,29.74,MXF,XXMXFXX
874,30.59,2013-07-05T00:00:00,7/5/2013,2013-07-05,3.69,29.5,MXF,XXMXFXX
875,31.21,2013-07-12T00:00:00,7/12/2013,2013-07-12,4.63,29.83,MXF,XXMXFXX
876,30.7,2013-07-19T00:00:00,7/19/2013,2013-07-19,3.26,29.73,MXF,XXMXFXX
877,30.84,2013-07-26T00:00:00,7/26/2013,2013-07-26,2.56,30.07,MXF,XXMXFXX
878,31.39,2013-08-02T00:00:00,8/2/2013,2013-08-02,0.9,31.11,MXF,XXMXFXX
879,32.4,2013-08-09T00:00:00,8/9/2013,2013-08-09,2.14,31.72,MXF,XXMXFXX
880,31.2399,2013-08-16T00:00:00,8/16/2013,2013-08-16,2.86,30.37,MXF,XXMXFXX
881,29.96,2013-08-23T00:00:00,8/23/2013,2013-08-23,1.56,29.5,MXF,XXMXFXX
882,27.72,2013-08-30T00:00:00,8/30/2013,2013-08-30,0.0,27.72,MXF,XXMXFXX
883,28.6,2013-09-06T00:00:00,9/6/2013,2013-09-06,0.85,28.36,MXF,XXMXFXX
884,29.96,2013-09-13T00:00:00,9/13/2013,2013-09-13,1.87,29.41,MXF,XXMXFXX
885,30.52,2013-09-20T00:00:00,9/20/2013,2013-09-20,1.87,29.96,MXF,XXMXFXX
886,29.52,2013-09-27T00:00:00,9/27/2013,2013-09-27,1.48,29.09,MXF,XXMXFXX
887,29.55,2013-10-04T00:00:00,10/4/2013,2013-10-04,1.93,28.99,MXF,XXMXFXX
888,28.68,2013-10-11T00:00:00,10/11/2013,2013-10-11,1.02,28.39,MXF,XXMXFXX
889,29.0,2013-10-18T00:00:00,10/18/2013,2013-10-18,2.62,28.26,MXF,XXMXFXX
890,28.87,2013-10-25T00:00:00,10/25/2013,2013-10-25,1.87,28.34,MXF,XXMXFXX
891,28.774,2013-11-01T00:00:00,11/1/2013,2013-11-01,1.75,28.28,MXF,XXMXFXX
892,27.58,2013-11-08T00:00:00,11/8/2013,2013-11-08,1.17,27.26,MXF,XXMXFXX
893,28.61,2013-11-15T00:00:00,11/15/2013,2013-11-15,0.77,28.39,MXF,XXMXFXX
894,28.9174,2013-11-22T00:00:00,11/22/2013,2013-11-22,2.18,28.3,MXF,XXMXFXX
895,28.96,2013-11-29T00:00:00,11/29/2013,2013-11-29,0.28,28.88,MXF,XXMXFXX
896,29.47,2013-12-06T00:00:00,12/6/2013,2013-12-06,0.34,29.37,MXF,XXMXFXX
897,28.22,2013-12-13T00:00:00,12/13/2013,2013-12-13,-3.98,29.39,MXF,XXMXFXX
898,30.38,2013-12-20T00:00:00,12/20/2013,2013-12-20,3.51,29.35,MXF,XXMXFXX
899,29.7599,2013-12-27T00:00:00,12/27/2013,2013-12-27,4.02,28.61,MXF,XXMXFXX
900,29.1,2014-01-03T00:00:00,1/3/2014,2014-01-03,3.41,28.14,MXF,XXMXFXX
901,29.59,2014-01-10T00:00:00,1/10/2014,2014-01-10,3.1,28.7,MXF,XXMXFXX
902,29.21,2014-01-17T00:00:00,1/17/2014,2014-01-17,5.26,27.75,MXF,XXMXFXX
903,27.7363,2014-01-24T00:00:00,1/24/2014,2014-01-24,3.96,26.68,MXF,XXMXFXX
904,27.5659,2014-01-31T00:00:00,1/31/2014,2014-01-31,2.78,26.82,MXF,XXMXFXX
905,27.45,2014-02-07T00:00:00,2/7/2014,2014-02-07,2.77,26.71,MXF,XXMXFXX
906,27.52,2014-02-14T00:00:00,2/14/2014,2014-02-14,1.93,27.0,MXF,XXMXFXX
907,26.7,2014-02-21T00:00:00,2/21/2014,2014-02-21,1.29,26.36,MXF,XXMXFXX
908,25.94,2014-02-28T00:00:00,2/28/2014,2014-02-28,0.58,25.79,MXF,XXMXFXX
909,25.88,2014-03-07T00:00:00,3/7/2014,2014-03-07,-0.12,25.91,MXF,XXMXFXX
910,24.78,2014-03-14T00:00:00,3/14/2014,2014-03-14,-1.55,25.17,MXF,XXMXFXX
911,26.62,2014-03-21T00:00:00,3/21/2014,2014-03-21,0.23,26.56,MXF,XXMXFXX
912,26.65,2014-03-28T00:00:00,3/28/2014,2014-03-28,-0.74,26.85,MXF,XXMXFXX
913,27.76,2014-04-04T00:00:00,4/4/2014,2014-04-04,1.61,27.32,MXF,XXMXFXX
914,26.1199,2014-04-11T00:00:00,4/11/2014,2014-04-11,-1.14,26.42,MXF,XXMXFXX
915,26.11,2014-04-25T00:00:00,4/25/2014,2014-04-25,-0.27,26.18,MXF,XXMXFXX
916,26.51,2014-05-02T00:00:00,5/2/2014,2014-05-02,-1.16,26.82,MXF,XXMXFXX
917,26.93,2014-05-09T00:00:00,5/9/2014,2014-05-09,-1.97,27.47,MXF,XXMXFXX
918,27.44,2014-05-16T00:00:00,5/16/2014,2014-05-16,-1.26,27.79,MXF,XXMXFXX
919,27.6,2014-05-23T00:00:00,5/23/2014,2014-05-23,-1.95,28.15,MXF,XXMXFXX
920,27.68,2014-05-30T00:00:00,5/30/2014,2014-05-30,-0.36,27.78,MXF,XXMXFXX
921,28.05,2014-06-06T00:00:00,6/6/2014,2014-06-06,-1.41,28.45,MXF,XXMXFXX
922,28.13,2014-06-13T00:00:00,6/13/2014,2014-06-13,0.04,28.12,MXF,XXMXFXX
923,27.92,2014-06-20T00:00:00,6/20/2014,2014-06-20,-2.07,28.51,MXF,XXMXFXX
924,28.4,2014-06-27T00:00:00,6/27/2014,2014-06-27,0.67,28.21,MXF,XXMXFXX
925,27.93,2014-07-11T00:00:00,7/11/2014,2014-07-11,0.32,27.84,MXF,XXMXFXX
926,28.08,2014-07-18T00:00:00,7/18/2014,2014-07-18,-0.78,28.3,MXF,XXMXFXX
927,28.35,2014-07-25T00:00:00,7/25/2014,2014-07-25,-0.32,28.44,MXF,XXMXFXX
928,27.85,2014-08-01T00:00:00,8/1/2014,2014-08-01,0.0,27.85,MXF,XXMXFXX
929,27.86,2014-08-08T00:00:00,8/8/2014,2014-08-08,1.2,27.53,MXF,XXMXFXX
930,28.08,2014-08-15T00:00:00,8/15/2014,2014-08-15,-0.14,28.12,MXF,XXMXFXX
931,27.96,2014-08-22T00:00:00,8/22/2014,2014-08-22,-1.96,28.52,MXF,XXMXFXX
932,27.99,2014-08-29T00:00:00,8/29/2014,2014-08-29,-2.78,28.79,MXF,XXMXFXX
933,28.31,2014-09-05T00:00:00,9/5/2014,2014-09-05,-3.25,29.26,MXF,XXMXFXX
934,28.12,2014-09-12T00:00:00,9/12/2014,2014-09-12,-1.37,28.51,MXF,XXMXFXX
935,28.1007,2014-09-19T00:00:00,9/19/2014,2014-09-19,-1.85,28.63,MXF,XXMXFXX
936,27.21,2014-09-26T00:00:00,9/26/2014,2014-09-26,-1.66,27.67,MXF,XXMXFXX
937,26.77,2014-10-03T00:00:00,10/3/2014,2014-10-03,-2.51,27.46,MXF,XXMXFXX
938,26.5,2014-10-10T00:00:00,10/10/2014,2014-10-10,2.24,25.92,MXF,XXMXFXX
939,25.3899,2014-10-17T00:00:00,10/17/2014,2014-10-17,-1.4,25.75,MXF,XXMXFXX
940,26.044,2014-10-24T00:00:00,10/24/2014,2014-10-24,0.71,25.86,MXF,XXMXFXX
941,26.92,2014-10-31T00:00:00,10/31/2014,2014-10-31,0.94,26.67,MXF,XXMXFXX
942,26.49,2014-11-07T00:00:00,11/7/2014,2014-11-07,0.68,26.31,MXF,XXMXFXX
943,25.38,2014-11-14T00:00:00,11/14/2014,2014-11-14,-1.13,25.67,MXF,XXMXFXX
944,25.41,2014-11-21T00:00:00,11/21/2014,2014-11-21,-3.09,26.22,MXF,XXMXFXX
945,24.81,2014-11-28T00:00:00,11/28/2014,2014-11-28,-2.09,25.34,MXF,XXMXFXX
946,23.41,2014-12-05T00:00:00,12/5/2014,2014-12-05,-3.1,24.16,MXF,XXMXFXX
947,20.9,2014-12-12T00:00:00,12/12/2014,2014-12-12,-7.64,22.63,MXF,XXMXFXX
948,22.25,2014-12-19T00:00:00,12/19/2014,2014-12-19,-4.91,23.4,MXF,XXMXFXX
949,21.12,2014-12-26T00:00:00,12/26/2014,2014-12-26,-6.67,22.63,MXF,XXMXFXX
950,20.67,2015-01-02T00:00:00,1/2/2015,2015-01-02,-6.0,21.99,MXF,XXMXFXX
951,20.94,2015-01-09T00:00:00,1/9/2015,2015-01-09,-6.48,22.39,MXF,XXMXFXX
952,20.83,2015-01-16T00:00:00,1/16/2015,2015-01-16,-5.15,21.96,MXF,XXMXFXX
953,21.27,2015-01-23T00:00:00,1/23/2015,2015-01-23,-5.13,22.42,MXF,XXMXFXX
954,20.34,2015-01-30T00:00:00,1/30/2015,2015-01-30,-4.01,21.19,MXF,XXMXFXX
955,21.13,2015-02-06T00:00:00,2/6/2015,2015-02-06,-4.91,22.22,MXF,XXMXFXX
956,22.11,2015-02-13T00:00:00,2/13/2015,2015-02-13,-1.03,22.34,MXF,XXMXFXX
957,22.46,2015-02-20T00:00:00,2/20/2015,2015-02-20,0.36,22.38,MXF,XXMXFXX
958,22.36,2015-02-27T00:00:00,2/27/2015,2015-02-27,-2.06,22.83,MXF,XXMXFXX
959,21.09,2015-03-06T00:00:00,3/6/2015,2015-03-06,-2.72,21.68,MXF,XXMXFXX
960,21.37,2015-03-13T00:00:00,3/13/2015,2015-03-13,-3.26,22.09,MXF,XXMXFXX
961,21.95,2015-03-20T00:00:00,3/20/2015,2015-03-20,-3.56,22.76,MXF,XXMXFXX
962,21.45,2015-03-27T00:00:00,3/27/2015,2015-03-27,-3.94,22.33,MXF,XXMXFXX
963,21.4816,2015-04-10T00:00:00,4/10/2015,2015-04-10,-4.82,22.57,MXF,XXMXFXX
964,21.68,2015-04-17T00:00:00,4/17/2015,2015-04-17,-3.3,22.42,MXF,XXMXFXX
965,22.48,2015-04-24T00:00:00,4/24/2015,2015-04-24,-1.1,22.73,MXF,XXMXFXX
966,21.73,2015-05-01T00:00:00,5/1/2015,2015-05-01,-2.12,22.2,MXF,XXMXFXX
967,22.39,2015-05-08T00:00:00,5/8/2015,2015-05-08,-2.14,22.88,MXF,XXMXFXX
968,22.45,2015-05-15T00:00:00,5/15/2015,2015-05-15,-3.11,23.17,MXF,XXMXFXX
969,22.13,2015-05-22T00:00:00,5/22/2015,2015-05-22,-1.82,22.54,MXF,XXMXFXX
970,22.11,2015-05-29T00:00:00,5/29/2015,2015-05-29,-0.9,22.31,MXF,XXMXFXX
971,21.4,2015-06-05T00:00:00,6/5/2015,2015-06-05,-2.15,21.87,MXF,XXMXFXX
972,21.45,2015-06-12T00:00:00,6/12/2015,2015-06-12,-3.9,22.32,MXF,XXMXFXX
973,21.76,2015-06-19T00:00:00,6/19/2015,2015-06-19,-3.42,22.53,MXF,XXMXFXX
974,21.5,2015-06-26T00:00:00,6/26/2015,2015-06-26,-4.4,22.49,MXF,XXMXFXX
975,20.58,2015-07-10T00:00:00,7/10/2015,2015-07-10,-4.5,21.55,MXF,XXMXFXX
976,20.31,2015-07-17T00:00:00,7/17/2015,2015-07-17,-5.4,21.47,MXF,XXMXFXX
977,19.72,2015-07-24T00:00:00,7/24/2015,2015-07-24,-4.5,20.65,MXF,XXMXFXX
978,19.32,2015-07-31T00:00:00,7/31/2015,2015-07-31,-8.57,21.13,MXF,XXMXFXX
979,19.1,2015-08-07T00:00:00,8/7/2015,2015-08-07,-9.56,21.12,MXF,XXMXFXX
980,18.54,2015-08-14T00:00:00,8/14/2015,2015-08-14,-9.3,20.44,MXF,XXMXFXX
981,17.2,2015-08-21T00:00:00,8/21/2015,2015-08-21,-9.76,19.06,MXF,XXMXFXX
982,17.71,2015-08-28T00:00:00,8/28/2015,2015-08-28,-10.51,19.79,MXF,XXMXFXX
983,17.36,2015-09-04T00:00:00,9/4/2015,2015-09-04,-11.2,19.55,MXF,XXMXFXX
984,17.44,2015-09-11T00:00:00,9/11/2015,2015-09-11,-11.2,19.64,MXF,XXMXFXX
985,18.11,2015-09-18T00:00:00,9/18/2015,2015-09-18,-10.08,20.14,MXF,XXMXFXX
986,17.31,2015-09-25T00:00:00,9/25/2015,2015-09-25,-10.68,19.38,MXF,XXMXFXX
987,17.55,2015-10-02T00:00:00,10/2/2015,2015-10-02,-11.37,19.801,MXF,XXMXFXX
988,18.51,2015-10-09T00:00:00,10/9/2015,2015-10-09,-9.75,20.51,MXF,XXMXFXX
989,18.46,2015-10-16T00:00:00,10/16/2015,2015-10-16,-9.86,20.48,MXF,XXMXFXX
990,18.56,2015-10-23T00:00:00,10/23/2015,2015-10-23,-10.29,20.69,MXF,XXMXFXX
991,18.332,2015-10-30T00:00:00,10/30/2015,2015-10-30,-11.27,20.66,MXF,XXMXFXX
992,18.35,2015-11-06T00:00:00,11/6/2015,2015-11-06,-10.92,20.6,MXF,XXMXFXX
993,17.94,2015-11-13T00:00:00,11/13/2015,2015-11-13,-10.88,20.13,MXF,XXMXFXX
994,18.64,2015-11-20T00:00:00,11/20/2015,2015-11-20,-10.77,20.89,MXF,XXMXFXX
995,18.23,2015-11-27T00:00:00,11/27/2015,2015-11-27,-10.86,20.45,MXF,XXMXFXX
996,17.65,2015-12-04T00:00:00,12/4/2015,2015-12-04,-10.86,19.8,MXF,XXMXFXX
997,16.39,2015-12-11T00:00:00,12/11/2015,2015-12-11,-11.45,18.51,MXF,XXMXFXX
998,17.15,2015-12-18T00:00:00,12/18/2015,2015-12-18,-10.68,19.2,MXF,XXMXFXX
999,15.42,2016-01-08T00:00:00,1/8/2016,2016-01-08,-9.56,17.05,MXF,XXMXFXX
1000,15.02,2016-01-15T00:00:00,1/15/2016,2016-01-15,-11.28,16.93,MXF,XXMXFXX
1001,15.25,2016-01-22T00:00:00,1/22/2016,2016-01-22,-11.13,17.16,MXF,XXMXFXX
1002,16.13,2016-01-29T00:00:00,1/29/2016,2016-01-29,-11.76,18.28,MXF,XXMXFXX
1003,16.04,2016-02-05T00:00:00,2/5/2016,2016-02-05,-10.29,17.88,MXF,XXMXFXX
1004,14.99,2016-02-12T00:00:00,2/12/2016,2016-02-12,-13.85,17.4,MXF,XXMXFXX
1005,15.73,2016-02-19T00:00:00,2/19/2016,2016-02-19,-12.71,18.02,MXF,XXMXFXX
1006,15.99,2016-02-26T00:00:00,2/26/2016,2016-02-26,-11.51,18.07,MXF,XXMXFXX
1007,17.08,2016-03-04T00:00:00,3/4/2016,2016-03-04,-11.13,19.22,MXF,XXMXFXX
1008,17.17,2016-03-11T00:00:00,3/11/2016,2016-03-11,-10.76,19.24,MXF,XXMXFXX
1009,17.77,2016-03-18T00:00:00,3/18/2016,2016-03-18,-10.61,19.88,MXF,XXMXFXX
1010,17.96,2016-04-01T00:00:00,4/1/2016,2016-04-01,-11.26,20.24,MXF,XXMXFXX
1011,17.2,2016-04-08T00:00:00,4/8/2016,2016-04-08,-11.43,19.42,MXF,XXMXFXX
1012,17.34,2016-04-15T00:00:00,4/15/2016,2016-04-15,-11.39,19.57,MXF,XXMXFXX
1013,17.38,2016-04-22T00:00:00,4/22/2016,2016-04-22,-11.82,19.71,MXF,XXMXFXX
1014,17.65,2016-04-29T00:00:00,4/29/2016,2016-04-29,-11.75,20.0,MXF,XXMXFXX
1015,17.18,2016-05-06T00:00:00,5/6/2016,2016-05-06,-9.77,19.04,MXF,XXMXFXX
1016,16.96,2016-05-13T00:00:00,5/13/2016,2016-05-13,-9.74,18.79,MXF,XXMXFXX
1017,16.41,2016-05-20T00:00:00,5/20/2016,2016-05-20,-11.44,18.53,MXF,XXMXFXX
1018,16.66,2016-05-27T00:00:00,5/27/2016,2016-05-27,-11.0,18.72,MXF,XXMXFXX
1019,16.49,2016-06-03T00:00:00,6/3/2016,2016-06-03,-11.06,18.54,MXF,XXMXFXX
1020,16.261,2016-06-10T00:00:00,6/10/2016,2016-06-10,-11.14,18.3,MXF,XXMXFXX
1021,16.1,2016-06-17T00:00:00,6/17/2016,2016-06-17,-10.9,18.07,MXF,XXMXFXX
1022,15.81,2016-06-24T00:00:00,6/24/2016,2016-06-24,-10.88,17.74,MXF,XXMXFXX
1023,16.56,2016-07-01T00:00:00,7/1/2016,2016-07-01,-11.49,18.71,MXF,XXMXFXX
1024,16.25,2016-07-08T00:00:00,7/8/2016,2016-07-08,-10.02,18.06,MXF,XXMXFXX
1025,16.46,2016-07-15T00:00:00,7/15/2016,2016-07-15,-10.98,18.49,MXF,XXMXFXX
1026,16.63,2016-07-22T00:00:00,7/22/2016,2016-07-22,-11.78,18.85,MXF,XXMXFXX
1027,16.47,2016-07-29T00:00:00,7/29/2016,2016-07-29,-10.44,18.39,MXF,XXMXFXX
1028,16.45,2016-08-05T00:00:00,8/5/2016,2016-08-05,-11.89,18.67,MXF,XXMXFXX
1029,17.29,2016-08-12T00:00:00,8/12/2016,2016-08-12,-11.56,19.55,MXF,XXMXFXX
1030,17.349,2016-08-19T00:00:00,8/19/2016,2016-08-19,-11.35,19.57,MXF,XXMXFXX
1031,16.6886,2016-08-26T00:00:00,8/26/2016,2016-08-26,-11.7,18.9,MXF,XXMXFXX
1032,16.8676,2016-09-02T00:00:00,9/2/2016,2016-09-02,-11.46,19.05,MXF,XXMXFXX
1033,16.18,2016-09-09T00:00:00,9/9/2016,2016-09-09,-11.68,18.32,MXF,XXMXFXX
1034,15.4,2016-09-16T00:00:00,9/16/2016,2016-09-16,-12.99,17.7,MXF,XXMXFXX
1035,15.6,2016-09-23T00:00:00,9/23/2016,2016-09-23,-12.16,17.76,MXF,XXMXFXX
1036,15.96,2016-09-30T00:00:00,9/30/2016,2016-09-30,-11.19,17.97,MXF,XXMXFXX
1037,15.89,2016-10-07T00:00:00,10/7/2016,2016-10-07,-12.45,18.15,MXF,XXMXFXX
1038,16.1801,2016-10-14T00:00:00,10/14/2016,2016-10-14,-11.97,18.38,MXF,XXMXFXX
1039,16.64,2016-10-21T00:00:00,10/21/2016,2016-10-21,-12.37,18.99,MXF,XXMXFXX
1040,16.28,2016-10-28T00:00:00,10/28/2016,2016-10-28,-11.95,18.49,MXF,XXMXFXX
1041,15.97,2016-11-04T00:00:00,11/4/2016,2016-11-04,-10.43,17.83,MXF,XXMXFXX
1042,14.28,2016-11-11T00:00:00,11/11/2016,2016-11-11,-8.93,15.68,MXF,XXMXFXX
1043,14.12,2016-11-18T00:00:00,11/18/2016,2016-11-18,-10.06,15.7,MXF,XXMXFXX
1044,14.52,2016-11-25T00:00:00,11/25/2016,2016-11-25,-9.81,16.1,MXF,XXMXFXX
1045,14.03,2016-12-02T00:00:00,12/2/2016,2016-12-02,-11.98,15.94,MXF,XXMXFXX
1046,14.72,2016-12-09T00:00:00,12/9/2016,2016-12-09,-12.69,16.86,MXF,XXMXFXX
1047,14.2,2016-12-16T00:00:00,12/16/2016,2016-12-16,-12.62,16.25,MXF,XXMXFXX
1048,13.97,2016-12-23T00:00:00,12/23/2016,2016-12-23,-13.01,16.06,MXF,XXMXFXX
1049,15.03,2016-12-30T00:00:00,12/30/2016,2016-12-30,-6.59,16.09,MXF,XXMXFXX
1050,13.68,2017-01-06T00:00:00,1/6/2017,2017-01-06,-12.53,15.64,MXF,XXMXFXX
1051,13.92,2017-01-13T00:00:00,1/13/2017,2017-01-13,-10.65,15.58,MXF,XXMXFXX
1052,13.75,2017-01-20T00:00:00,1/20/2017,2017-01-20,-10.95,15.44,MXF,XXMXFXX
1053,14.45,2017-01-27T00:00:00,1/27/2017,2017-01-27,-11.4,16.31,MXF,XXMXFXX
1054,14.64,2017-02-03T00:00:00,2/3/2017,2017-02-03,-11.27,16.5,MXF,XXMXFXX
1055,15.0,2017-02-10T00:00:00,2/10/2017,2017-02-10,-10.87,16.83,MXF,XXMXFXX
1056,14.6,2017-02-17T00:00:00,2/17/2017,2017-02-17,-11.73,16.54,MXF,XXMXFXX
1057,15.08,2017-02-24T00:00:00,2/24/2017,2017-02-24,-10.72,16.89,MXF,XXMXFXX
1058,15.33,2017-03-03T00:00:00,3/3/2017,2017-03-03,-11.95,17.41,MXF,XXMXFXX
1059,15.21,2017-03-10T00:00:00,3/10/2017,2017-03-10,-11.77,17.24,MXF,XXMXFXX
1060,16.0,2017-03-17T00:00:00,3/17/2017,2017-03-17,-10.41,17.86,MXF,XXMXFXX
1061,16.38,2017-03-24T00:00:00,3/24/2017,2017-03-24,-12.5,18.72,MXF,XXMXFXX
1062,16.4,2017-03-31T00:00:00,3/31/2017,2017-03-31,-11.88,18.61,MXF,XXMXFXX
1063,16.75,2017-04-07T00:00:00,4/7/2017,2017-04-07,-10.43,18.7,MXF,XXMXFXX
1064,16.63,2017-04-21T00:00:00,4/21/2017,2017-04-21,-9.91,18.46,MXF,XXMXFXX
1065,16.7,2017-04-28T00:00:00,4/28/2017,2017-04-28,-9.53,18.46,MXF,XXMXFXX
1066,16.56,2017-05-05T00:00:00,5/5/2017,2017-05-05,-10.24,18.45,MXF,XXMXFXX
1067,16.63,2017-05-12T00:00:00,5/12/2017,2017-05-12,-10.74,18.63,MXF,XXMXFXX
1068,16.63,2017-05-19T00:00:00,5/19/2017,2017-05-19,-10.83,18.65,MXF,XXMXFXX
1069,16.87,2017-05-26T00:00:00,5/26/2017,2017-05-26,-11.26,19.01,MXF,XXMXFXX
1070,16.54,2017-06-02T00:00:00,6/2/2017,2017-06-02,-11.31,18.65,MXF,XXMXFXX
1071,17.09,2017-06-09T00:00:00,6/9/2017,2017-06-09,-10.52,19.1,MXF,XXMXFXX
1072,17.34,2017-06-16T00:00:00,6/16/2017,2017-06-16,-10.8,19.44,MXF,XXMXFXX
1073,17.14,2017-06-23T00:00:00,6/23/2017,2017-06-23,-10.87,19.23,MXF,XXMXFXX
1074,17.3,2017-06-30T00:00:00,6/30/2017,2017-06-30,-10.69,19.37,MXF,XXMXFXX
1075,17.47,2017-07-07T00:00:00,7/7/2017,2017-07-07,-9.95,19.4,MXF,XXMXFXX
